Key,Type,Desc,English,Chinese (Simplified),French,German,Italian,Polish,Russian,,UI_Tester
OFFICER_FILTER, Text,,Officer Class Filter,,,,,,Фильтр класса ОФицер,,
CLASS_OFFICER_NAME, Text,,OFFICER,,,,,,ОФИЦЕР,,
OFFICER_DESCRIPTION, Text,,A tactical support unit specialised in leading their squad at the expense of personal firepower,,,,,,"Командная единица, специализирующаяся на усилении отряда.",,
CLASS_OFFICER_DESCRIPTION, Text,,Officer Class Soldier,,,,,,Класс солдата Офицер,,
OFFICER_PROFICIENCY_NAME, Text,,OFFICER TRAINING,,,,,,ПОДГОТОВКА ОФИЦЕРА,,
OFFICER_PROFICIENCY_DESCRIPTION, Text,,Proficiency with PDWs and Handguns,,,,,,Специализация на пистолетах и пистолетах-пулеметах,,
TRIGGERDISCIPLINE_NAME, Text,,TRIGGER DISCIPLINE,,,,,,ДИСЦИПЛИНА,,
TRIGGERDISCIPLINE_DESC, Text,,Allies within 7 tiles gain 20% accuracy.,,,,,,Союзники в радиусе 7 клеток получают +20% к меткости.,,
RALLY_NAME, Text,,RALLY,,,,,,ШТУРМ,,
RALLY_DESC, Text,,Target ally within 10 tiles recovers 25% of their maximum Will Points and gains panic immunity for the next turn. Limited to one use per ally per turn.,,,,,,Союзная цель в пределах 10 клеток восстанавливает 25% от максимального значения Очков Воли и получает иммунитет к панике на следующий ход. На одного союзника можно использовать один раз за ход.,,
RESILIENCETRAINING_NAME, Text,,"RESILIENCE TRAINING",,,,,,ТРЕНИРОВКА УСТОЙЧИВОСТИ,,
RESILIENCETRAINING_DESC, Text,,"Reduces the Action Point cost of using Recover by 1 for all allied units. Units using Recover will also restore all disabled limbs at the start of their next turn.",,,,,,"Снижает стоимость использования «Восстановления» на 1 для всех союзных бойцов. Бойцы, использующие «Восстановление», также излечатт все отключенные конечности в начале своего следующего хода.",,
RESILIENCETRAINING_OLD, Text,,"Allied units gain 50% Damage Resistance while using Recover and their disabled limbs are restored at the start of their next turn. Reduces the Action Point cost of using Recover by 1.",,,,,,"Союзные единицы получают 50% сопротивление урону, когда используют Восстановление, и их поврежденные части тела восстанавливаются в начале их следующего хода. Уменьшает стоимость Восстановления на 1 ОД.",,
RESILIENCEEFFECTS_DESC, Text,,"Gain 50% Damage Resistance. Disabled Limbs are restored at the start of the next turn.",,,,,,Получает 50% сопротивления урону. Поврежденные части тела восстановятся в начале следующего хода.,,
RESILIENCE_DR_DESC, Text,,Incoming damage is reduced by 50%.,,,,,,Входящий урон уменьшен на 50%.,,
RESILIENCE_HEAL_DESC, Text,,Restore disabled limbs at the start of the next turn.,,,,,,Восстановит поврежденные части тела в начале следующего хода.,,
FIELDCOMMANDER_NAME, Text,,FIELD COMMANDER,,,,,,ПОЛЕВОЙ КОМАНДИР,,
FIELDCOMMANDER_DESC, Text,,Allied units earn an additional 50 experience and 1 Skill Point for successful missions.,,,,,,Союзники получают дополнительно 50 очков опыта и одно очко навыков за каждую успешную миссию.,,
ONSLAUGHT_DESC, Text,,Target ally within 10 tiles recovers 2 Action Points. Limited to one use per ally per turn.,,,,,,Союзная цель в пределах 10 клеток восстанавливает 2 очка действия. На одного союзника можно использовать один раз за ход. ,,
COOLUNDERPRESSURE_NAME, Text,,COOL UNDER PRESSURE,,,,,,ХЛАДНОКРОВИЕ,,
COOLUNDERPRESSURE_DESC, Text,,"Gain 2% Accuracy and 1% Damage for each Will Point spent or lost, up to a maximum of 15 stacks. Stacks reset at the end of your turn.",,,,,,"До конца хода получает 2% к меткости и 1% к урону за каждое потраченное, или потерянное Очко Воли (суммируется не более 15 раз)",,
DEADEYE_NAME, Text,,DEADEYE,,,,,,МЕРТВЫЙ ГЛАЗ,,
DEADEYE_DESC, Text,,"Take a shot with +50% accuracy and 2x body-part damage. Limited to single shot direct fire weapons.",,,,,,Выстрел с бонусом +50% меткости и +100% бонусом поражения конечностей. Может использоваться только с оружием прямой наводки с одиночным режимом стрельбы.,,
PX_PDW_NAME, Text,,Poseidon-90,,,,,,Посейдон-90,,
PX_PDW_DESC, Text,,Phoenix Standard PDW,,,,,,Стандартный пистолет-пулемет Феникса,,
AMMO_PX_PDW_MAGAZINE_NAME, Text,,Poseidon-90 Magazine,,,,,,Магазин для Посейдон-90,,
AMMO_PX_PDW_MAGAZINE_DESC, Text,,Phoenix Standard PDW Magazine,,,,,,Магазин для стандартного пистолета-пулемета Феникса,,
PX_OFFICERTRAINING_NAME, Text,,Officer Training Programme,,,,,,Программа тренировки офицеров,,
PX_OFFICERTRAINING_UNLOCK, Text,,"As the Phoenix Project expands its reach across the globe, the need for effective battlefield leadership to combat the Pandoran menace has never been greater.",,,,,,"В то время как проект Феникс распространяет свое стратегическое влияние, нам так же необходима тактическая согласованность и скоординированность на полях боя.",,
PX_OFFICERTRAINING_COMPLETE, Text,,"The expansion of the Phoenix Project's operations has highlighted the need for improved leadership on the battlefield. Our response is the Officer training programme; a series of specialised courses that will equip eligible personnel with the tactical leadership skills required to command our forces on the ground. From squad-level decision making to morale management, our Officers will optimise the performance of the operatives under their command.

In recognition of their additional responsibilities, we have recommissioned the Personal Defence Weapon programme: our Officers will be armed with a firearm that is compact, manoeuvrable, and easy to use.",,,,,,"Разворачивание все большего количества операций проекта Феникс подчеркнуло необходимость улучшения руководства на поле боя. Наше решение — программа подготовки офицеров: серия специализированных курсов, которые дадут подходящему персоналу навыки тактического лидерства, необходимые для управления нашими войсками на местах. От принятия решений на уровне отделения до управления моральным духом — наши офицеры оптимизируют работу оперативников под своим командованием.

Так же мы возобновили программу «Оружие индивидуальной защиты»: наши офицеры будут вооружены компактным, маневренным и простым в использовании огнестрельным оружием.",,
PX_OFFICERTRAINING_BENEFITS, Text,,Officer soldier class now available.,,,,,,Теперь у нас есть возможность повышать наших солдат до офицеров.,,