Key,Type,Desc,English,Chinese (Simplified),French,German,Italian,Polish,Russian,Spanish,UI_Tester
KEY_K2_MISSION_FLAVOUR_TEXT,Text,,DOWNLOAD IMPOSSIBLE WEAPONS RESEARCH,,TÉLÉCHARGER LA RECHERCHE SUR LES ARMES IMPOSSIBLES,,,,ЗАГРУЗИТЬ ИССЛЕДОВАНИЕ НЕВЕРОЯТНОГО ОРУЖИЯ,,
BASEDEFENSE_INFESTATION_OBJECTIVE,Text,,DESTROY THE SPAWNERY AND THE SENTINELS,,,,,,УНИЧТОЖЬТЕ СПАВНЕРЫ И ЧАСОВЫХ,,
BASEDEFENSE_SECOND_OBJECTIVE,Text,,"KILL REMAINING PANDORANS. EGGS, WORMS, MINDFRAGGERS, AND MYRMIDONS CAN BE LEFT FOR THE CLEANING DETAIL.",,,,,,"УБЕЙТЕ ОСТАВШИХСЯ ПАНДОРАНОВ. ЯЙЦА, ЧЕРВЕЙ, ПОХИТИТЕЛЕЙ РАЗУМА И МИРМИДОНОВ МОЖНО ОСТАВИТЬ ДЛЯ УБОРКИ.",,
BASEDEFENSE_SURVIVE5_OBJECTIVE,Text,,SURVIVE {0} TURNS,,,,,,ПЕРЕЖИТЬ {0} ХОДОВ,,
BASEDEFENSE_SURVIVE_COMPLETE,Text,,SURVIVED THE ATTACK,,,,,,ПЕРЕЖИЛ НАПАДЕНИЕ,,
BASEDEFENSE_SURVIVE3_OBJECTIVE,Text,,SURVIVE {0} TURNS,,,,,,ПЕРЕЖИТЬ {0} ХОДОВ,,
BASEDEFENSE_SENTINEL_OBJECTIVE,Text,,DESTROY THE SENTINEL,,,,,,УНИЧТОЖИТЬ ДОЗОРНОГО,,
BASEDEFENSE_VENTING_PROMPT,Text,,"Activate Emergency Venting? This will stop the incoming wave of Pandoran reinforcements, but it will damage your power generator and cause random fires and explosions around the base!",,,,,,"Активировать аварийную вентиляцию? Это остановит надвигающуюся волну пандоранских подкреплений, но повредит Ваш генератор энергии и вызовет случайные пожары и взрывы по всей базе!",,
CAPTURE_ABILITY_NAME,Text,,PRIORITY SKYHOOK EXTRACTION,,,,,,ПРИОРИТЕТНОЕ ИЗВЛЕЧЕНИЕ КРЮКА,,
CAPTURE_ABILITY_DESCRIPTION,Text,,Marks the paralyzed Pandoran for priority extraction and capture at the end of the mission.,,,,,,Отмечает парализованного пандорана для приоритетного извлечения и захвата в конце миссии.,,
CAPTURE_STATUS_NAME,Text,,PRIORITY FOR EXTRACTION AND CAPTURE,,,,,,ПРИОРИТЕТ ДОБЫЧИ И ЗАХВАТА,,
CAPTURE_STATUS_DESCRIPTION,Text,,This Pandoran has been marked for priority extraction at the end of this mission; it will be extracted even if more valuable Pandorans have been paralyzed.,,,,,,"Этот пандоран был помечен для приоритетного извлечения в конце этой миссии; он будет извлечен, даже если более ценные Пандораны были парализованы.",,
CANCEL_CAPTURE_NAME,Text,,CANCEL PRIORITY SKYHOOK EXTRACTION,,,,,,ОТМЕНА ПРИОРИТЕТНОЙ ДОБЫЧИ С ПОМОЩЬЮ СКАЙХУКА,,
CANCEL_CAPTURE_DESCRIPTION,Text,,Removes this paralyzed Pandoran from priority list for extraction at the end of the mission.,,,,,,"Удаляет этого парализованного пандорана из списка приоритетов для извлечения в конце миссии.",,
CAPTURE_CAPACITY_BASE,Text,,"FUNCTIONING CONTAINMENT FACILITY PRESENT, FULLY PARALYZED PANDORANS WILL BE CAPTURED",,,,,,"ПРИ НАЛИЧИИ ФУНКЦИОНИРУЮЩЕГО ИЗОЛЯТОРА, ПОЛНОСТЬЮ ПАРАЛИЗОВАННЫЕ ПАНДОРАНЫ БУДУТ ЗАХВАЧЕНЫ",,
CAPTURE_CAPACITY_AIRCRAFT,Text,,CAPTURE SPACE REMAINING: ,,,,,,ЗАХВАТИТЬ ОСТАВШЕЕСЯ ПРОСТРАНСТВО:,,
CAPTURE_CAPACITY_TOTAL,Text,,TOTAL AVAILABLE CONTAINMENT:,,,,,,ОБЩЕЕ КОЛИЧЕСТВО ДОСТУПНЫХ СРЕДСТВ ЗАЩИТЫ:,,
KEY_OBJECTIVE_YUGG_EXALTED,Text,,MERGE THE EXALTED WITH THE INCAPACITATED YUGGOTHIAN RECEPTACLE,,,,,,ОБЪЕДИНИТЬ ВОЗВЫШЕННУЮ С НЕДЕЕСПОСОБНЫМ ЮГГОТСКИМ ВМЕСТИЛИЩЕМ,,
KEY_OBJECTIVE_YUGG_INJECTOR,Text,,DEPLOY THE INJECTOR OVER THE INCAPACITATED YUGGOTHIAN RECEPTACLE,,,,,,РАЗВЕРНУТЬ ИНЪЕКТОР НАД НЕДЕЕСПОСОБНЫМ ЮГГОТСКИМ ВМЕСТИЛИЩЕМ,,
KEY_OBJECTIVE_YUGG_NUKE,Text,,DEPLOY THE BEACON OVER THE INCAPACITATED YUGGOTHIAN RECEPTACLE,,,,,,РАЗВЕРНУТЬ МАЯК НАД НЕДЕЕСПОСОБНЫМ ЮГГОТСКИМ ВМЕСТИЛИЩЕМ,,
KEY_OBJECTIVE_CONVINCE_SPARKS,Text,,APPROACH MR. SPARK AND CONVINCE HIM TO COME WITH YOU,,,,,,"ПОДОЙДИТЕ К МИСТЕРУ СПАРКУ И УБЕДИТЕ ЕГО ПОЙТИ С ВАМИ",,
KEY_OBJECTIVE_CONVINCE_FELIPE,Text,,APPROACH FELIPE AND CONVINCE HIM TO COME WITH YOU,,,,,,ПОДОЙДИТЕ К ФЕЛИПЕ И УБЕДИТЕ ЕГО ПОЙТИ С ВАМИ.,,
KEY_OBJECTIVE_CONVINCE_HELENA,Text,,APPROACH HELENA AND CONVINCE HER TO COME WITH YOU,,,,,,ПОДОЙДИТЕ К ХЕЛЕНЕ И УБЕДИТЕ ЕЕ ПОЙТИ С ВАМИ.,,
KEY_OBJECTIVE_CONVINCE_CALENDAR,Text,,APPROACH DR. KALINDAR AND CONVINCE HIM TO COME WITH YOU,,,,,,ПОДОЙДИТЕ К ДОКТОРУ КАЛИНДАРУ И УБЕДИТЕ ЕГО ПОЙТИ С ВАМИ,,
PROTECT_THE_CYCLOPS,Text,,PROTECT THE CYCLOPS,,,,,,ЗАЩИТИТЕ ЦИКЛОПОВ,,
KEY_BADLY_INJURED_OPERATIVE,Text,,BADLY INJURED,,,,,,ТЯЖЕЛО РАНЕН,,