Key,Type,Desc,English,Chinese (Simplified),French,German,Italian,Polish,Russian,Spanish,UI_Tester
UMBRA_SIGHTED_TITLE,Text,,Umbra!,,Ombre !,,,,Умбра!,,
UMBRA_SIGHTED_TEXT,Text,,"<i>""They say an Umbra doesn't just kill you: it steals your soul""</i>

In TFTV, the Umbra can spawn in place of a dead Arthron or Triton with the <b>Touched by the Void</b> ability, which they have a chance to roll at the start of each complete turn. The chance to roll is the total amount of Delirium of all your operatives on the mission divided by two.

The Umbra can only attack characters with Delirium or characters caught in the Mist, but they can be attacked by all characters.",,"<i>""On dit qu'une Ombre ne fait pas que vous tuer : elle vous vole votre âme.""</i>

Dans TFTV, l'Ombre apparaîtra à la place d'un Arthron ou d'un Triton avec la capacité <b>Touché par le Néant</b>, lorsque il meurt. Ils ont une chance au début de chaque tour complet, de faire un jet contre le montant total de Délire de tous vos agents engagés sur la mission divisé par deux.

Les Ombres ne peuvent attaquer que les personnages ayant du Délire, mais elles peuvent être attaquées par tous les personnages.",,,,"<i>""Говорят, что умбра не просто убивает вас: она крадет вашу душу.""</i>

В TFTV Умбра может появиться на месте мертвого Артрона или Тритона с помощью умения <b>Затронутые пустотой</b>, который они имеют шанс бросить в начале каждого полного хода. Шанс броска равен общему количеству Делириума у всех ваших оперативников на миссии, деленному на два.

Умбра может атаковать только персонажей с Делириумом или персонажей, попавших в туман, но их могут атаковать все персонажи.",,
REVENANT_SIGHTED_TITLE,Text,,Revenant,,Revenant,,,,Ревенант,,
REVENANT_SIGHTED_TEXT,Text,,"<i>""The Pandorans were somehow stealing our dead and splicing them into new monstrosities. We would recognize them in the field because of some small, inconsequential detail - an involuntary spasm, betraying a familiar gesture, a terrifying scream, bearing the echo of a beloved voice.""</i>

We should try capturing it.",,"<i>""Les Pandoriens volaient en quelque sorte nos morts et les épissaient dans de nouvelles monstruosités. Nous les reconnaissions sur le terrain grâce à un petit détail sans importance - un spasme involontaire, trahissant un geste familier, un cri terrifiant, portant l'écho d'une voix aimée.""</i>

Nous devrions essayer de les capturer",,,,"<i>""пандораны каким-то образом похищали наших мертвецов и соединяли их с новыми чудовищами. Мы узнавали их на месте по какой-нибудь мелкой, несущественной детали - непроизвольному спазму, выдающему знакомый жест, ужасающему крику, несущему эхо любимого голоса.""</i>

Мы должны попробовать захватить его.",,
VOID_TOUCHED_TITLE,Text,,Touched by the Void,,,,,,Затронутые пустотой,,
VOID_TOUCHED_TEXT,Text,,"<i>""A purple fume emanated from its body, marking it as the bearer of a Terrible Purpose.”</i>

This Pandoran is special. After it is attacked, it is very likely to gain a special ability (however, there is a small chance that it will be passed by the Void and lose its Touch, gaining nothing). At first, the only ability it may gain is to spawn an Umbra version of itself on death. However, as the Oneiric Delirium advances, Touched by the Void Pandorans will gain other effects when attacked for the first time.",,,,,,"<i>""От его тела исходил фиолетовый дым, обозначавший его как носителя Ужасной Цели.”</i>

Этот пандоран особенный. После атаки он с большой вероятностью получит особую способность (однако есть небольшой шанс, что он будет пропущен через Пустоту и потеряет свое Прикосновение, не получив ничего). Поначалу единственная способность, которую он может получить, - это порождать при смерти свою умбра-версию. Однако по мере развития Онейрического Делириума тронутые Пустотой пандораны будут получать другие эффекты при первой же атаке.",,
TBTV_ON_ATTACK_TITLE_HINT,Text,,Void Touched - Attacker is Marked for Death,,,,,,Прикосновение пустоты - атакующий отмечен смертью,,
TBTV_ON_ATTACK_TEXT_HINT,Text,,"<i>”There was the black plume, jetting from the crabbie’s head… I got the bastard, I thought… Next thing I know, they are all coming after me!""</i>

The Pandorans have learned a new trick. From now on, any Touched by the Void Arthron or Triton can either:

- Afflict its attacker with Marked for Death (all hits on the character do 10 extra damage)
- Spawn Umbra on death",,,,,,"<i>Вот черный шлейф, вылетающий из головы краба... Я поймал ублюдка, подумал я... В следующее мгновение я понял, что они все идут за мной!</i>

пандораны научились новому трюку. Отныне любой коснувшийся Пустоты Артрон или Тритон может:

- поразить нападающего меткой смерти (все удары по персонажу наносят 10 дополнительных повреждений)
- породить Умбру при смерти",,
TBTV_ON_TURN_END_TITLE_HINT,Text,,Void Touched - Calls reinforcements at turn's end,,,,,,Прикосновение пустоты - вызывает подкрепление в конце хода,,
TBTV_ON_TURN_END_TEXT_HINT,Text,,"<i>""Pandorans, they always have 'friends' nearby.""</i>

This Pandoran will call reinforcements if it <b>survives (in whatever shape)</b> until the end of your turn. From now on, any Touched by the Void Arthron or Triton can do one of the following:

- Call reinforcements at the end of player’s turn
- Afflict its attacker with Marked for Death (all hits on the character do 10 extra damage)
- Spawn Umbra on death",,,,,,"<i>""У пандоранов всегда есть друзья поблизости.""</i>

Этот пандоран будет вызывать подкрепление, если он <b>выживет (в любой форме)</b> до конца вашего хода. С этого момента любой коснувшийся Пустоты Артрон или Тритон может сделать одно из следующих действий:

- Вызвать подкрепление в конце хода игрока
- Наложить на атакующего его персонажа Метку смерти (все удары по персонажу наносят 10 дополнительных повреждений)
- Породить Умбру при смерти",,
TFTV_STAMINAHINT_TEXT,Text,,"In TFTV, when one of your operatives gets a bodypart disabled in Tactical, once back in Geoscape its stamina will be reduced to 0. <b>Healing the injured bodypart in Tactical will not prevent this effect</b>. Stamina will also be set to 0 when the character gets a mutation or a bionic augmentation.",,"Dans TFTV, lorsque une partie du corps de vos agents est  désactivée lors d'une mission tactique, une fois de retour sur le Geoscape, son endurance sera réduite à 0. <b>La guérison de la partie du corps blessée lors de la mission tactique n'empêchera pas la perte d'endurance</b>. L'endurance sera également mise à 0 lorsque le personnage obtient une mutation ou une augmentation bionique.",,,,"В TFTV, когда один из ваших оперативников получает повреждение части тела в Тактике, после возвращения в Геоскейп его выносливость будет снижена до 0. <b>Исцеление поврежденной части тела в Тактике не предотвратит этот эффект</b>. Выносливость также будет установлена на 0, если персонаж получит мутацию или бионическую аугментацию.",,
TFTV_STAMINAHINT_TITLE,Text,,STAMINA LOSS FROM DISABLED LIMBS,,PERTE D'ENDURANCE DUE À DES PARTIES DU CORPS HANDICAPES,,,,ПОТЕРЯ ВЫНОСЛИВОСТИ ИЗ-ЗА ПОВРЕЖДЕННЫХ КОНЕЧНОСТЕЙ,,
HINT_ACHERON_PRIME_DESCRIPTION,Text,,"This Acheron is a direct evolution of the basic Acheron, its Delirium spray inflicting more <b>acid damage</b>. In addition to <b>""Harbinger of the Void"" passive ability</b> (<i>increases the chances that an Arthron or a Triton will be Touched by the Void</i>), it has the <b>""Co-Delirium"" passive ability</b> (<i>all Pandorans in battle deal Delirium damage</i>).

Remember that characters or units caught in the Mist can always be targeted by Umbra.",,,,,,"Этот Ахерон - прямое развитие базового Ахерона, его спрей Делириума наносит больше кислотного урона. Помимо пассивной способности Предвестник Пустоты (увеличивает вероятность того, что Артрон или Тритон будут затронуты Пустотой), у него есть пассивная способность Совместный Делириум (все пандораны в бою наносят урон Делириумом).

Помните, что персонажи или юниты, попавшие в туман, всегда могут стать целью Умбры.",,
HINT_ACHERON_PRIME_TITLE,Text,,Acheron Prime ,,,,,,Ахерон Прайм,,
HINT_ACHERON_ASCLEPIUS_DESCRIPTION,Text,,"The Asclepius Acheron mutation has the <b>""Call Reinforcements"" active ability</b> (<i>instantly call a group of Arthrons and Tritons</i>) and the <b>""Co-Delirium"" passive ability</b> (<i>all Pandorans in battle deal Delirium damage</i>). 

It specializes in healing and aiding other Pandorans and does not have any direct offensive capabilities.",,,,,,"Мутация Ахерон Асклепий обладает активной способностью <b>Призвать подкрепление</b> (<i>мгновенно вызывает группу артронов и тритонов</i>) и пассивной способностью <b>Совместный Делириум</b> (<i>все Пандораны в бою наносят урон от Делириумом</i>). 

Он специализируется на лечении и помощи другим пандоранам и не обладает прямыми атакующими способностями.",,
HINT_ACHERON_ASCLEPIUS_TITLE,Text,,Acheron Asclepius,,,,,,Ахерон Асклепий,,
HINT_ACHERON_ASCLEPIUS_CHAMPION_DESCRIPTION,Text,,"This Acheron is a direct evolution of the Asclepius variant. In addition to the <b>""Call Reinforcements"" active ability</b> (<i>instantly call a group of Arthrons and Tritons</i>) and the <b>""Co-Delirium"" passive ability</b> (<i>all Pandorans in battle deal Delirium damage</i>), it has the <b>Neurotoxic Spray</b> (<i>disable a body part for 1 turn</i>).",,,,,,"Этот Ахерон - прямая эволюция варианта Асклепия. Помимо активной способности <b>Призвать подкрепление</b> (<i>мгновенно вызывает группу артронов и тритонов</i>) и пассивной способности <b>Совместный делирий</b> (<i>все Пандораны в бою наносят урон делирием</i>), у него есть <b>Нейротоксический спрей</b> (<i>выводит из строя часть тела на 1 ход</i>).",,
HINT_ACHERON_ASCLEPIUS_CHAMPION_TITLE,Text,,Acheron Asclepius Champion,,,,,,Ахерон Асклепий Чемпион,,
HINT_ACHERON_ACHLYS_DESCRIPTION,Text,,"The Achlys Acheron mutation has the <b>""Resurrect"" active ability</b> (<i>transform all human sized corpses within 10 tiles into Arthrons or Tritons</i>)",,,,,,"Мутация Ахлис Ахерона обладает активной способностью <b>""Воскресить""</b> (<i>превращающей все человеческие трупы в пределах 10 плиток в артронов или тритонов</i>)",,
HINT_ACHERON_ACHLYS_TITLE,Text,,Acheron Achlys,,,,,,Ахерон Ахлис,,
HINT_ACHERON_ACHLYS_CHAMPION_DESCRIPTION,Text,,"This Acheron is a direct evolution of the Achlys variant. In addition to the <b>""Resurrect"" active ability</b> (<i>transform all human sized corpses within 10 tiles into Arthrons or Tritons</i>), it has the <b>""Tributary of the Void"" passive ability</b> (<i>all friendlies <b>of any type</b> within 10 tiles will be Touched by the Void if the character dies</i>).",,,,,,"Этот Ахерон - прямая эволюция варианта Ахлиса. Помимо активной способности <b>""Воскрешение""</b> (<i>превращает все трупы людей в радиусе 10 тайлов в артронов или тритонов</i>),  у него есть пассивная способность <b>""Приток Пустоты""</b> (<i>все друзья любого типа в радиусе 10 тайлов будут затронуты Пустотой, если персонаж умрет</i>).",,
HINT_ACHERON_ACHLYS_CHAMPION_TITLE,Text,,Acheron Achlys Champion,,,,,,Чемпион Ахерона Ахлиса,,
VOID_BLIGHT_NAME_HINT,Text,,Blight of the Void,,,,,,Облик пустоты,,
VOID_BLIGHT_DESCRIPTION_HINT,Text,,"This character or unit can now be attacked by Umbra, regardless of Delirium.

It has gained this status because it was attacked by an Acheron. All Acheron spray or cloud attacks afflict the victims with the <b>""Blight of the Void"" status</b>",,,,,,"Теперь этот персонаж или юнит может быть атакован Умброй, независимо от Делириума.

Он получил этот статус, потому что был атакован Ахероном. Все атаки спреем или облаком Ахерона накладывают на жертву статус <b>""Облик пустоты"" статус</b>",,
KEY_TUT3_STORY2_DESCRIPTION,Text,,"""Kill confirmed. Phoenix, welco-  Team, on your toes, possible hostiles!""

",,,,,,"""Убийство подтверждено. Феникс, приветствую вас, команда, будьте начеку, возможны враги!""

",,
KEY_TUT3_TFTV1_DESCRIPTION,Text,,"""Don't shoot, we surrender! I'm Alistair Ashby. Yes, the ""Mist Expert"". Thanks for watching my content back in the day, I guess... 

A few of us managed to get to this bunker and activate the emergency beacon before we were overrun by the creatures that followed us here. 

We've got this place mostly up and running... Thanks to Olena, she is quite the wunderkind.""",,,,,,"""Не стреляйте, мы сдаемся! Я Алистер Эшби. Да, Эксперт по туману. Спасибо, что смотрели мои материалы в те времена, наверное... 

Нескольким из нас удалось добраться до этого бункера и активировать аварийный маяк, прежде чем нас настигли твари, преследовавшие нас здесь. 

В основном, мы привели это место в порядок... Спасибо Елене, она просто вундеркинд.""",,
KEY_TUT3_TFTV1_TITLE,Text,,Alistair Ashby,,,,,,Алистер Эшби,,
KEY_TUT3_TFTV2_DESCRIPTION,Text,,"""<i>Oppa</i> Alistair is good with people. I'm good with machines and software. This facility runs on a limited AI called Bennu. Once Bennu verifies your credentials as duly appointed Director, all functionality should be restored and you should be able to interface with the system.""",,,,,,"""<i>Оппа</i> Алистер хорошо ладит с людьми. Я хорошо разбираюсь в машинах и программном обеспечении. Этот объект работает на ограниченном ИИ под названием Бенну. Как только Бенну подтвердит Ваши полномочия как должным образом назначенного директора, все функции будут восстановлены, и Вы сможете взаимодействовать с системой.""",,
KEY_TUT3_TFTV2_TITLE,Text,,Olena Kim,,,,,,Елена Ким,,
HINT_ANCIENTS_STORY1_TITLE,Text,,"<i>""There is something out there waiting for us, and it ain’t no human… ain’t no crab, neither”</i>",,,,,,"<i>""Там есть что-то, что ждет нас, и это не человек... не краб.”</i>",,
HINT_ANCIENTS_STORY1_TEXT,Text,,"Your team has landed near the site where the exploration drones had previously detected the remains of ancient ruins, but on closer approach they started to experience comms malfunction, possibly due to electromagnetic interference. Proceed with caution.",,,,,,"Ваша команда приземлилась неподалеку от места, где разведывательные дроны ранее обнаружили остатки древних руин, но при ближайшем рассмотрении у них начались сбои в работе связи, возможно, из-за электромагнитных помех. Действуйте с осторожностью.",,
HINT_ANCIENTS_CYCLOPSDEFENSE_TITLE,Text,,"<i>“Target hit, no effect!”</i>",,,,,,"<i>“Цель поражена, эффекта нет!”</i>",,
HINT_ANCIENTS_CYCLOPSDEFENSE_TEXT,Text,,This Automata is protected by some sort of electromagnetic field that reduces the strength of incoming attacks. Maybe destroying some of the smaller Automata will dampen the effect?,,,,,,"Эта Автомата защищена каким-то электромагнитным полем, которое снижает силу входящих атак. Может быть, уничтожение более мелких Автоматов ослабит эффект?",,
HINT_ANCIENTS_CYCLOPS_TITLE,Text,,"<i> “Wake up not the beast that layeth in slumber.” </i>
",,,,,,"<i> “Не будите дремлющего зверя.” </i>
",,
HINT_ANCIENTS_CYCLOPS_TEXT,Text,,Our operatives have located something that may be the source of the electromagnetic interferences that our exploration drones discovered. We should avoid alerting it for as long as possible.,,,,,,"Наши оперативники обнаружили нечто, что может быть источником электромагнитных помех, обнаруженных нашими разведывательными дронами. Мы должны как можно дольше избегать тревоги.",,
HINT_ANCIENTS_HOPLITS_TITLE,Text,,"<i>“Frag me, what is that thing? Is that a… drill?!”</i>",,,,,,"<i>“Фрэг, что это за штука? Это... дрель?!”</i>",,
HINT_ANCIENTS_HOPLITS_TEXT,Text,,"This Ancient Automata is reactivating! While we have no intel on their capabilities, it seems like they are dormant while buried in the ground, but once they emerge they become alerted and gradually reactivate their systems, becoming stronger. The Automata also seem to be in varying states of disrepair.",,,,,,"Древние автоматы активизируются! Хотя мы не располагаем информацией об их возможностях, похоже, что они находятся в спящем состоянии, пока зарыты в землю, но как только они появляются, они настораживаются и постепенно активизируют свои системы, становясь сильнее. Автоматы также находятся в разной степени разрушения.",,
HINT_ANCIENTS_HOPLITSREPAIR_TITLE,Text,,<i>”The broken remains floated towards the damaged Automata.”</i>,,,,,,<i>”Разбитые останки поплыли к поврежденным Автоматам.”</i>,,
HINT_ANCIENTS_HOPLITSREPAIR_TEXT,Text,,This Ancient Automata is trying to repair itself using the remains of the destroyed robot in its vicinity! It has also drained some of its power.,,,,,,"Этот Древний Автомат пытается восстановить себя, используя останки уничтоженного робота, находящегося поблизости! Он также истощил часть своей энергии.",,
HINT_ANCIENTS_HOPLITSMAXPOWER_TITLE,Text,,"<i>”Whirl whirl whirl Vroom!”</i>",,,,,,"<i>”Вррр, вррр, вррр Врум!”</i>
",,
HINT_ANCIENTS_HOPLITSMAXPOWER_TEXT,Text,,The Ancient Automata is now fully charged; damage increased significantly and damage resistance gained.,,,,,,"Древний автомат теперь полностью заряжен; урон значительно увеличен, а сопротивление урону повышено.",,
HINT_HOSTILE_DEFENDERS_TITLE,Text,,Hostile haven defenders,,,,,,"Защитники враждебного убежища",,
HINT_HOSTILE_DEFENDERS_TEXT,Text,,"<i>""Come to rescue us, have they? They are the ones who brought the damn critters on us in the first place! Fragging nerds…""</i>

While this Void Omen is in effect, haven defenders will be hostile to you and attack your operatives on sight, but <b>killing them is not required to win the mission</b>.

Gain XP by protecting structures or civilians as usual.

You can loot crates with faction weapons, but only the equipment in your operatives or vehicles inventory will be recovered.",,,,,,"<i>""Пришли нас спасать, да? Это они напустили на нас этих чертовых тварей! Зануды...""</i>

Пока действует это Знамение Пустоты, защитники убежищ будут враждебно относиться к Вам и атаковать ваших оперативников на месте, но <b>убивать их не обязательно, чтобы выиграть миссию.</b>.

Как обычно, получайте XP, защищая строения или гражданских лиц.

Вы можете грабить ящики с оружием фракций, но восстановить можно будет только то снаряжение, которое находится в инвентаре оперативников или транспортных средств.",,
HINT_FIRE_QUENCHER_TITLE,Text,,Fire Quencher,,,,,,Гаситель огня,,
HINT_FIRE_QUENCHER_TEXT,Text,,"<i>“There was nothing special about this one… Here comes the bisque, I thought… Boy was I wrong.”</i>

Some Arthrons have evolved the ability to instantly quench the fire they come in contact with, replacing it with Mist. They are apparently doing this by spraying some biochemical compound  from their <b>heads</b>. Disabling their heads should remove both their immunity to fire and their ability to quench it.",,,,,,"<i>“В этом блюде не было ничего особенного... Вот и бисквит, подумал я... Как же я ошибался.”</i>

У некоторых артронов развилась способность мгновенно гасить огонь, с которым они соприкасаются, заменяя его туманом. По всей видимости, они делают это, распыляя из <b>головы</b> некий биохимический состав. Если отключить их головы, то они лишатся как иммунитета к огню, так и способности гасить его.",,
BASEDEFENSE_INFESTATION_TITLE ,Text,,Infested.,,,,,,Зараженный,,
BASEDEFENSE_INFESTATION_DESCRIPTION,Text,,"<i>""They're coming out of the walls! They're coming out of the goddamn walls!""</i>

Security footage shows the Pandorans taking over the base. 

Director, they are colonizing it.

We will deploy through maintenance access in the tunnels under the base facilities.",,,,,,"<i>""Они выходят из стен! Они выходят из проклятых стен!""</i>

На записях камер наблюдения видно, как пандораны захватывают базу. 

Директор, они ее колонизируют.

Мы отправимся через доступ к техническому обслуживанию в туннелях под базой.",,
BASEDEFENSE_NESTING_TITLE ,Text,,Infestation in progress...,,,,,,Заражение продолжается...,,
BASEDEFENSE_NESTING_DESCRIPTION,Text,,"<i>""Busy little creatures.""</i>

The enemy has breached our defenses and has spread throughout the base. We will deploy through maintenance access in the tunnels under the base facilities. ",,,,,,"<i>""Занятные маленькие существа.""</i>

Враг прорвал нашу оборону и распространился по всей базе. Мы развернемся через доступ к техническому обслуживанию в туннелях под объектами базы. ",,
BASEDEFENSE_TACTICAL_ADVANTAGE_TITLE ,Text,,Tactical Advantage!,,,,,,Тактическое преимущество!,,
BASEDEFENSE_TACTICAL_ADVANTAGE_DESCRIPTION,Text,,"<i>""You're down there, we're up here! You walked into the wrong goddamn room...""</i>

We have taken defensive positions around the main entrance. As long as we hold this choke point we should be fine. ",,,,,,"<i>""Вы там, а мы здесь! Вы зашли не в ту чертову комнату...""</i>

Мы заняли оборонительные позиции вокруг главного входа. Пока мы удерживаем этот заслон, все будет в порядке. ",,
BASEDEFENSE_UMBRASTRAT_TEXT,Text,,"Director, we are detecting something in the air vents. It's the Mist. Could be a Triton inflitration team. Could be something worse... ",,,,,,"Директор, мы обнаруживаем что-то в вентиляционных отверстиях. Это туман. Возможно, это тритоновская команда по раздуванию. Может быть, что-то похуже... ",,
BASEDEFENSE_UMBRASTRAT_TITLE,Text,,Umbra or Tritons,,,,,,Умбра или Тритоны,,
BASEDEFENSE_WORMSSTRAT_TEXT,Text,,"Director, there is something burrowing down towards your team. Small, multiple targets bearing on the hangar.",,,,,,"Директор, к вашей команде что-то приближается. Небольшие, множественные цели надвигаются на ангар.",,
BASEDEFENSE_WORMSSTRAT_TITLE,Text,,Worms or Myrmidons,,,,,,Черви или Мирмидонцы,,
BASEDEFENSE_FORCE2STRAT_TEXT,Text,,"Director, be advised, we have detected a secondary strike force digging their way in. They can appear behind our backs any minute!",,,,,,"Директор, имейте в виду, мы обнаружили вторую ударную группу, прокладывающую себе путь внутрь. Они могут появиться у нас за спиной в любую минуту!",,
BASEDEFENSE_FORCE2STRAT_TITLE,Text,,Secondary Strike Force,,,,,,Вторичные ударные силы,,
BASEDEFENSE_VENTING_PROMPT,Text,,"Activate Emergency Venting? This will stop the incoming wave of Pandoran reinforcements, but it will damage your power generator and cause random fires and explosions around the base!",,,,,,"Активировать аварийную вентиляцию? Это остановит надвигающуюся волну пандоранских подкреплений, но повредит Ваш генератор энергии и вызовет случайные пожары и взрывы по всей базе!",,
BASEDEFENSE_VENTING_TITLE,Text,,Emergency venting,,,,,,Аварийная вентиляция,,
BASEDEFENSE_VENTING_TEXT,Text,,"<i>“Between a rock and a hard place, be water.”</i> 

The geothermal plant that powers the base has an emergency steam vent that can scald the Pandorans that are trying to get into the base, removing the currently incoming wave of reinforcements. However, this will likely damage the generator and will cause the base systems to malfunction, resulting in fires and explosions. 

There are several consoles around the base that can be activated; inbuilt safety measures prevent repeating the operation at the same console.",,,,,,"<i>“Оказавшись между молотом и наковальней, будьте водой.”</i> 

Геотермальная станция, питающая базу, имеет аварийный пароотвод, который может ошпарить пандоранов, пытающихся проникнуть на базу, и уничтожить надвигающуюся волну подкреплений. Однако это, скорее всего, повредит генератор и приведет к сбоям в работе систем базы, что повлечет за собой пожары и взрывы. 

На базе есть несколько консолей, которые можно активировать; встроенные меры безопасности не позволяют повторить операцию на одной и той же консоли.",,
HINT_DECOYPLACED_TITLE,Text,,D-Coy,,,,,,Д-Кой,,
HINT_DECOYPLACED_TEXT,Text,,"<i>""Best buddy I ever had.""</i>

The Synedrion decoy is a complex multisensorial simulation that can deceive the senses of sight, sound and smell. However, smarter opponents will detect the illusion when attacking from a short distance; dumber opponents or those attacking from a longer distance may take a while to realize it's a trick. ",,,,,,"<i>""Лучший приятель из всех, что у меня были.""</i>

Приманка Синедриона - это сложная мультисенсорная симуляция, способная обмануть зрение, звук и обоняние. Однако более умные противники обнаружат иллюзию при атаке с близкого расстояния; более глупым противникам или тем, кто атакует с большого расстояния, может потребоваться время, чтобы понять, что это обман. ",,
HINT_DECOYDISCOVERED_TITLE,Text,,Game over,,,,,,Игра окончена,,
HINT_DECOYDISCOVERED_TEXT,Text,,"<i> ""That one is smart, real smart""</i>

The enemy has realized that D-Coy is not real.",,,,,,"<i> ""Этот умный, очень умный""</i>

Враг понял, что Ди-Кой не настоящий",,
HINT_DECOYSCYLLA_TITLE,Text,,Terrifying intelligence,,,,,,Устрашающий интеллект,,
HINT_DECOYSCYLLA_TEXT,Text,,"<i> ""She is not falling for it twice!""</i>

What did you expect of the Apex of Creation?",,,,,,"<i> ""Дважды она на это не купится!""</i>

А чего ты ожидал от Вершины Творения?",,
KEY_TAC_HINT_MISSION_BASEDEFENSE_DESCRIPTION,Text,,"In TFTV, depending on how far along the attack is, you will face a somewhat different base defense mission; the earliest type is the easiest, and the latest type is the hardest. If this is your only currently operational base and you lose the mission, <b>you will lose the game</b>. If not, you will lose the base but will be able to recover it later. 

Fulfill all the objectives to complete the mission. You don't have to kill every worm, egg, mindfragger or myrmidon to win. 

Once you get a warning about reinforcements arriving, you will have a chance to stop them following the instructions from Olena. ",,,,,,"В TFTV, в зависимости от того, на каком этапе находится атака, Вам предстоит пройти несколько разных миссий по защите базы: самые ранние - самые простые, а самые поздние - самые сложные. Если это ваша единственная действующая база и Вы проиграете миссию, Вы проиграете игру. Если нет, то Вы потеряете базу, но сможете восстановить ее позже. 

Выполните все цели, чтобы завершить миссию. Для победы необязательно убивать всех червей, яйца, похитителей разума или мирмидонов. 

Как только Вы получите предупреждение о прибытии подкрепления, у Вас будет шанс остановить его, следуя инструкциям Елены.",,
KEY_DLC3_TAC_HINT_EILEEN_STORY_WIN_DESCRIPTION,Text,,"""Is everybody on board? I'm afraid we can't stay any longer. This was my home, until I brought that fragging egg here... Maybe if you had come earlier... forget it, I can't lay this on you. It's not your fault. Prepare for takeoff!""",,"""Est-ce que tout le monde est à bord? Je crains que nous ne puissions plus rester. C’était ma maison, jusqu’à ce que j’apporte cet oeuf de malheur ici... Peut-être que si vous étiez venu plus tôt... oubliez ça, je ne peux pas vous mettre ça sur le dos. Ce n’est pas de votre faute. Préparez-vous au décollage !""",,,,"""Все ли на борту? Боюсь, мы не можем больше оставаться. Это был мой дом, пока я не принесла сюда это яйцо... Может быть, если бы Вы пришли раньше... Забудьте, я не могу свалить это на вас. Это не ваша вина. Приготовиться к взлету!""",,
KEY_DLC3_TAC_HINT_MANTICORE_RUN_HURRY_DESCRIPTION,Text,,"""Phoenix? I'm almost done here, everyone else is... gone. More crabmen are approaching from all sides, so hurry up! I'm waiting for you inside the Manticore.""",,"""Phoenix ? j’ai presque fini ici, tout le monde est... parti. D’autres crabes s’approchent de tous les côtés, alors dépêchez-vous! Je vous attends dans le Manticore.""",,,,"""Феникс? Я уже почти закончил, все остальные... ушли. Со всех сторон приближаются новые крабы, так что поторопитесь! Я жду вас внутри Мантикоры.""",,
KEY_DLC3_TAC_HINT_MANTICORE_RUN_START_NAME,Text,,AURORA,,AURORA,,,,АВРОРА,,
KEY_DLC3_TAC_HINT_MANTICORE_RUN_START_DESCRIPTION,Text,,"Your only chance is to reach the armed Manticore, Aurora, that Eileen and her friends were working on and hope that they had time to finish the job! Move, move, move!",,"Votre seule chance est d’atteindre le Manticore armé, Aurora, sur lequel Eileen et ses amis travaillaient et espèrent qu’ils auront le temps de finir le travail ! Go, go, go !",,,,"Ваш единственный шанс - добраться до вооруженной мантикоры Авроры, над которой работали Эйлин и ее друзья, и надеяться, что они успеют закончить работу! Двигайтесь, двигайтесь, двигайтесь!",,
KEY_DLC3_TAC_HINT_MANTICORE_RUN_STORY_DESCRIPTION,Text,,"Your team was on their way to the egg when the haven was attacked from all sides. You are cut off from the transport that you arrived in, and surrounded by mayhem and destruction.",,"Votre équipe était en route pour l’oeuf quand le refuge a été attaqué de tous les côtés. Vous êtes coupé du transport dans lequel vous êtes arrivé, et entouré par le chaos et la destruction.",,,,"Ваша команда направлялась к яйцу, когда на убежище напали со всех сторон. Вы оказались отрезаны от транспорта, на котором прибыли, и окружены хаосом и разрушениями.",,
KEY_DLC3_TAC_HINT_MANTICORE_RUN_STORY_NAME,Text,,CHANGE OF PLANS,,CHANGEMENT DE PLAN,,,,ИЗМЕНЕНИЕ ПЛАНОВ,,
KEY_DLC4_TAC_HINT_ACHERON_ESCAPED_DESCRIPTION,Text,,The Acheron escaped!,,,,,,Ахерон сбежал!,,
KEY_DLC4_TAC_HINT_ACHERON_ESCAPED_NAME,Text,,TRANSMISSION,,,,,,ТРАНСМИССИЯ,,
KEY_TAC_HINT_ENEMY_SPECIAL_CO_CORRUPT_DESCRIPTION,Text,,This allows any other creature on the battlefield to be capable of dealing delirium damage.,,Cela permet à toute autre créature sur le champ de bataille d'être capable d'infliger des dégâts de délire.,,,,"Это позволяет любому другому существу на поле боя быть способным наносить урон от Делириума.",,
KEY_TAC_HINT_ENEMY_SPECIAL_CO_CORRUPT_NAME,Text,,PANDORAN SUPPLEMENTAL - CO-DELIRIUM,,SUPPLEMENT PANDORIEN – CO-DELIRIUM,,,,ПАНДОРАНСКОЕ ПОПОЛНЕНИЕ - СО-ДЕЛИРИУМ,,
KEY_TAC_HINT_ENEMY_SPECIAL_CORRUPTION_DESCRIPTION,Text,,Delirium damage inflicts an operative with Oneiric Delirium or insanity.,,Les dégâts de Delirium infligent à un agent le délire onirique ou la folie.,,,,Урон от делирия вызывает у оперативника Делириум или безумие.,,
KEY_TAC_HINT_ENEMY_SPECIAL_CORRUPTION_NAME,Text,,PANDORAN SUPPLEMENTAL - DELIRIUM DAMAGE,,SUPPLEMENT PANDORIEN – DEGAT DE DELIRIUM,,,,ПАНДОРАНСКОЕ ДОПОЛНЕНИЕ - ДЕЛИРИУМНОЕ ПОВРЕЖДЕНИЕ,,
DLC4 Hypnos/KEY_TAC_HINT_STATUS_CORRUPTED_NAME,Text,,Delirium,,Delirium,,,,Делириум,,
YR_DEFENSE_BROKEN_NAME,Text,not used,Receptacle's shields are down!,,,,,,Щиты рецептора отключены!,,
YR_DEFENSE_BROKEN_DESCRIPTION,Text,not used,Disabling the creatures eyes has disrupted it! Complete the objective before it recovers!,,,,,,"Отключение глаз существа вывело его из строя! Выполните задание, пока оно не восстановилось!",,
PX_VICTORY_MISSION_START_TITLE,Text,,The Last Resort.,,,,,,Последний курорт.,,
PX_VICTORY_MISSION_START0,Text,,"This is where our road ends, one way or another. All of the research, all of the struggle and hardship, it all led us to a real, workable solution to the Pandoravirus and to the Yuggothian Entity that sent it down on us. There’s no time now to think about the costs, the ecological and societal damage, the casualties. Nothing can be done, nothing can be built while the Pandoravirus shares this planet with us, and today we have the chance to eradicate it utterly. The Receptacle must be located and destroyed. The nightmare must end.",,,,,,"Здесь наш путь заканчивается, так или иначе. Все исследования, вся борьба и лишения привели нас к реальному и действенному решению проблемы пандоравируса и югготианской сущности, которая его на нас спустила. Сейчас нет времени думать о затратах, экологическом и социальном ущербе, жертвах. Ничего нельзя сделать, ничего нельзя построить, пока Пандоравирус живет с нами на одной планете, и сегодня у нас есть шанс уничтожить его полностью. Розетка должна быть найдена и уничтожена. Кошмар должен закончиться.",,
PX_VICTORY_MISSION_START1,Text,,"I can hardly believe that we’re finally here. It's important that we move on the receptacle as quickly as possible. We don't know what it’s capable of, and the time that we spend on approach is time that we spend vulnerable. It’s been an honour working together Director. Good hunting to you and your team.",,,,,,"Я с трудом верю, что мы наконец-то здесь. Важно, чтобы мы как можно быстрее переместились к приемнику. Мы не знаем, на что он способен, и время, которое мы потратим на поиски, станет нашим уязвимым местом. Для меня было честью работать с вами, директор. Удачной охоты Вам и вашей команде.",,
AN_VICTORY_MISSION_START_TITLE,Text,,Hack the Planet.,,,,,,Взломай планету.,,
AN_VICTORY_MISSION_START0,Text,,"We have walked the path that she laid down for us and it has lead us to this moment. The Dead God would take our future from us, would devour our world and flay our bodies, scatter us to dust. But she has shown us that another way is possible. We will no longer cower in the shadows of Gods, we will stand beside them and find ourselves uplifted. The Receptacle must be located and subdued, so that she may do her work. The nightmare must end.",,,,,,"Мы шли по пути, который она проложила для нас, и он привел нас к этому моменту. Мертвый Бог отнял бы у нас наше будущее, поглотил бы наш мир, растерзал бы наши тела, развеял бы нас в прах. Но она показала нам, что возможен и другой путь. Мы больше не будем трусить в тени богов, мы встанем рядом с ними и возвысимся. Необходимо найти и подчинить Розетку, чтобы она могла выполнить свою работу. Кошмар должен закончиться.",,
AN_VICTORY_MISSION_START1,Text,,"Here is where we find ourselves, here is where our faith is rewarded. It's important that we move on the Dead God’s receptacle as quickly as possible. We don't know what it’s capable of, and the time that we spend on approach is time spent vulnerable.

<i>He turns to the Exalted</i>

It has been the honour of my brief life to serve beneath you. Let’s see this done.",,,,,,"Здесь мы оказываемся, здесь наша вера вознаграждается. Важно, чтобы мы как можно быстрее переместились к вместилищу Мертвого Бога. Мы не знаем, на что оно способно, и время, потраченное на приближение, - это время, потраченное на уязвимость.

<i>Он обращается к Возвышенной</i>

Для меня было честью в моей короткой жизни служить под вашим началом. Давайте посмотрим, как это будет сделано.",,
NJ_VICTORY_MISSION_START_TITLE,Text,,The Plan.,,,,,,План.,,
NJ_VICTORY_MISSION_START0,Text,,"They said that a military solution was possible, and now here you are, boots on the ground, shoulder to shoulder, trying to put the theory into practice. The Receptacle must be located and destroyed. The nightmare must end.",,,,,,"Они говорили, что военное решение возможно, и вот Вы здесь, на земле, плечом к плечу, пытаетесь воплотить теорию в жизнь. Розетка должна быть найдена и уничтожена. Кошмар должен закончиться.",,
NJ_VICTORY_MISSION_START1,Text,,"Director, it's important that we move on our objective quickly. We don't have good intel on enemy capabilities down here, and time that we spend on approach is time spent vulnerable. Let’s do this thing.",,,,,,"Директор, важно, чтобы мы быстро продвигались к нашей цели. У нас нет хороших данных о возможностях противника, и время, потраченное на подходы, - это время, потраченное на уязвимость. Давайте сделаем это.",,
SY_POLY_VICTORY_MISSION_START_TITLE,Text,,Liberty or Death.,,,,,,Свобода или смерть.,,
SY_POLY_VICTORY_MISSION_START0,Text,,"The hour has finally arrived. The Entity represents coercion, cruelty, arrogance, control; everything that divides us, everything that makes us weak. We finally have the chance to break that coercion, to emancipate the beings that fight its wars and perpetuate its brutalities. We cannot know what this world will look like in the aftermath, but we do know that it will be one freed from psychic dominion. The receptacle must be located and destroyed. The nightmare must end.",,,,,,"Наконец-то настал этот час. Существо представляет собой принуждение, жестокость, высокомерие, контроль; все, что разделяет нас, все, что делает нас слабыми. Наконец-то у нас появился шанс разрушить это принуждение, освободить существ, которые ведут войны и увековечивают его жестокость. Мы не можем знать, как будет выглядеть этот мир впоследствии, но мы знаем, что это будет мир, освобожденный от психического господства. Вместилище должно быть найдено и уничтожено. Кошмар должен закончиться.",,
SY_POLY_VICTORY_MISSION_START1,Text,,"Director, it's important that we move to end this threat as quickly as possible. We don't know what this entity is capable of, and the time that we spend on approach is time that we spend vulnerable. Good luck to every one of you. Come home to us when it’s done.",,,,,,"Директор, важно, чтобы мы как можно скорее покончили с этой угрозой. Мы не знаем, на что способна эта структура, и время, которое мы тратим на поиски, - это время, которое мы тратим на уязвимость. Удачи каждому из вас. Возвращайтесь к нам домой, когда все будет сделано.",,
SY_TERRA_VICTORY_MISSION_START_TITLE,Text,,The Master's Tools.,,,,,,Инструменты мастера.,,
SY_TERRA_VICTORY_MISSION_START0,Text,,"The hour has finally arrived. The Entity thought that it could take our home from us; our soil, air, and water, our biosphere, even our minds. Everything that makes this world beautiful, everything that affirms our dignity as a species. No longer. Today we test our values in the crucible of direct action. The Receptacle must be located and destroyed. The nightmare must end.",,,,,,"Наконец-то настал этот час. Существо решило, что может забрать у нас наш дом: нашу почву, воздух и воду, нашу биосферу, даже наш разум. Все, что делает этот мир прекрасным, все, что подтверждает наше достоинство как вида. Больше нет. Сегодня мы проверяем наши ценности в горниле прямого действия. Розетка должна быть найдена и уничтожена. Кошмар должен закончиться.",,
SY_TERRA_VICTORY_MISSION_START1,Text,,"Director, it's important that we move to end this threat as quickly as possible. We don't know what the entity is capable of, and the time that we spend on approach is time that we spend vulnerable. Good luck to every one of you. Come home to us when it’s done.",,,,,,"Директор, важно, чтобы мы как можно скорее покончили с этой угрозой. Мы не знаем, на что способна эта структура, и время, которое мы тратим на поиски, - это время, которое мы тратим на уязвимость. Удачи каждому из вас. Возвращайтесь к нам домой, когда все будет сделано.",,
VICTORY_MISSION_GATES_TITLE,Text,,At the Gates.,,,,,,У ворот.,,
VICTORY_MISSION_GATES0,Text,,"There is some kind of Pandoran organic structure barring our advance. The Receptacle should be behind this barrier, but the surface appears to be functionally indestructible - nothing man-portable would put a scratch on it. Curiously, there are what appear to be access points or machinery interfaces that emerge from the smooth casing at three separate points. We should move our operatives closer to investigate - but be aware that figuring out the operation of these devices may take some time.",,,,,,"На пути нашего продвижения стоит какая-то пандоранская органическая структура. Розетка должна находиться за этим барьером, но ее поверхность, похоже, функционально неразрушима - ничто портативное не сможет нанести на нее ни царапины. Любопытно, что в трех отдельных местах из гладкого корпуса выходят точки доступа или машинные интерфейсы. Мы должны переместить наших оперативников поближе, чтобы исследовать их, но имейте в виду, что выяснение принципа действия этих устройств может занять некоторое время.",,
VICTORY_MISSION_GATES1,Text,,"Opening the Yuggothian Gate requires all three access points to be activated simultaneously by your operatives. The process will take two turns once begun, and can be interrupted. Once the Gate has been opened you should move quickly; there is no way of knowing how long it will remain so.",,,,,,"Для открытия Югготианских ворот необходимо, чтобы все три точки доступа были активированы одновременно вашими оперативниками. Процесс займет два хода и может быть прерван. Как только врата будут открыты, Вам следует действовать быстро: невозможно узнать, как долго они будут оставаться в таком состоянии.",,
VICTORY_MISSION_REVENANT_TO_PX_TITLE,Text,,Will beyond Reason.,,,,,,Воля превыше разума.,,
VICTORY_MISSION_REVENANT_TO_PX,Text,,"You’ve seen the revenants before, and it never gets any easier. They way they look at you with the eyes of old comrades, or scream in the voices of friends. You never allowed yourself to hope that there was anything left of the people you once knew inside those twisted, nightmare bodies - surely this fractal resemblance is just a byproduct of the hideous cruelty of the Entity’s methods?

But here, at the end of things, you watch it happen for the first time. You watch one of them turn its weapons on the Pandorans that are pouring from the walls, you hear its deranged scream of defiance against the crushing will of its tormentor. You watch, and you push yourself to fight even harder. Their sacrifice cannot be in vain. There has been too much anguish, too much suffering. The nightmare must end.",,,,,,"Вы уже встречались с ревенантами, и легче от этого не становится. Они смотрят на Вас глазами старых товарищей или кричат голосами друзей. Вы никогда не позволяли себе надеяться, что в этих извращенных, кошмарных телах осталось что-то от людей, которых Вы когда-то знали, - конечно, это фрактальное сходство - лишь побочный продукт отвратительной жестокости методов Существа?

Но здесь, в самом конце, Вы впервые наблюдаете, как это происходит. Вы видите, как один из них обращает свое оружие на пандоранов, хлынувших со стен, слышите его безумный крик неповиновения сокрушительной воле своего мучителя. Вы смотрите и заставляете себя сражаться еще упорнее. Их жертвы не могут быть напрасными. Слишком много мучений, слишком много страданий. Кошмар должен закончиться.",,
VICTORY_MISSION_REVENANT_TO_YR_TITLE,Text,,No Liberty Without Death.,,,,,,Свобода без смерти.,,
VICTORY_MISSION_REVENANT_TO_YR,Text,,"Just as you began to allow yourself to hope that some sort of resistance might be possible, the Entity reasserts control over its puppets. The revenant snaps back into its hostile posture and attacks your operatives, with a long howl of human despair that cuts through you. This is the territory of an alien mind so ancient that it defies human understanding. It will brook no opposition here.",,,,,,"Как раз в тот момент, когда Вы начали надеяться, что возможно какое-то сопротивление, Сущность вновь обретает контроль над своими марионетками. Мститель вновь принимает враждебную позу и нападает на ваших оперативников, издавая протяжный вой человеческого отчаяния, который пронзает Вас насквозь. Это территория чужого разума, настолько древнего, что он не поддается человеческому пониманию. Он не потерпит здесь сопротивления.",,
VICTORY_MISSION_HIS_MINIONS_TITLE,Text,,All Are Master's Minions.,,,,,,Все они - приспешники хозяина.,,
VICTORY_MISSION_HIS_MINIONS,Text,,"Over time you have become used to the strange psychic methods of the Anu priesthood, and the mental scrambling employed by Synedrion infiltrators. It has not been so strange, this late in the war, to see Pandoran lifeforms fighting alongside your operatives. Now, in this final contest, you see that your sense of safety was badly misplaced.

As you watch, the Pandoran creature that seconds ago was fighting against your enemies begins to twitch and shake. Then it levels its weapons and attacks those who vainly thought they held its leash. We are too close to the Entity and to its smothering psychic control. It will brook no opposition here.
",,,,,,"Со временем Вы привыкли к странным экстрасенсорным методам жрецов Ану и к ментальному скремблированию, применяемому лазутчиками Синедриона. В конце войны Вам уже не казалось странным видеть пандоранские формы жизни, сражающиеся рядом с вашими оперативниками. Теперь, в этом финальном поединке, Вы видите, что ваше чувство безопасности было очень ошибочным.

Вы наблюдаете, как пандоранское существо, которое несколько секунд назад сражалось с вашими врагами, начинает дергаться и дрожать. Затем оно поднимает оружие и атакует тех, кто тщетно думал, что держит его за поводок. Мы находимся слишком близко к Сущности и ее удушающему психическому контролю. Оно не потерпит здесь никакого сопротивления.
",,
VICTORY_MISSION_FOR_THE_EYES_TITLE,Text,,Go for the eyes!,,,,,,Поймайте взгляд!,,
VICTORY_MISSION_FOR_THE_EYES_TEXT,Text,,"<i>""This fragging thing won't die!""</i>

Attack the Receptacle's eyes to stun it, so that your operatives can then complete the objective.",,,,,,"<i>""Эта штука не умирает!""</i>

Атакуйте глаза рецептакула, чтобы оглушить его, и тогда Ваши оперативники смогут выполнить поставленную задачу.",,
VICTORY_MISSION_SACRIFICE_TITLE,Text,,Sacrifice,,,,,,Жертва,,
VICTORY_MISSION_SACRIFICE_TEXT,Text,,"The sounds of gunfire slow, then cease. You don't hear the screams, or the tearing of flesh. They died as they lived, with the dignity of a higher purpose.",,,,,,"Звуки выстрелов становятся тише, а затем прекращаются. Вы не слышите ни криков, ни звуков разрывающейся плоти. Они умерли, как и жили - с осознанием своей причастности к высшей цели.",,
KEY_INFESTATION_STORY_INTRO_TITLE,Text,,Search and Rescue,,,,,,Поиск и спасение,,
KEY_INFESTATION_STORY0,Text,,reporting. We are at,,,,,,репортаж. Мы находимся в,,
KEY_INFESTATION_STORY1,Text,,. Are you seeing this? The green shimmering…  I… I feel like I have been here before…,,,,,,. Ты видишь это? Зеленое мерцание... Я... Я чувствую что уже бывал здесь...,,
KEY_INFESTATION_STORY2,Text,,snap out of it! We got a job to do. Scans show that there are survivors out there. Stay frosty and be ready for anything.,,,,,,"оторвитесь от него! У нас есть работа. Сканеры показывают, что там есть выжившие. Держитесь и будьте готовы ко всему.",,
KEY_INFESTATION_STORY3,Text,,out.,,,,,,выходим.,,
KEY_INFESTATION_STORY4,Text,,"<i>”There were a few survivors here and there. The couple of soldiers who were lucky to get mindfragged during the initial attack; but also civilians, who were not fully taken by the creature. They came out of it, as if waking up from a nightmare. It was then that I understood what Alistair meant when he joked that we were waging a war for our place in the new food chain: the Pandorans didn’t want to exterminate us. That would have been too merciful. They wanted us for something else.”</i>",,,,,,"<i>”То тут, то там попадались выжившие. Пара солдат, которым повезло, что их не зацепило во время первой атаки, а также гражданские, которых тварь не захватила полностью. Они выходили из него, словно очнувшись от кошмара. Именно тогда я понял, что имел в виду Алистер, когда шутил, что мы ведем войну за свое место в новой пищевой цепочке: пандораны не хотели нас истреблять. Это было бы слишком милосердно. Мы были нужны им для чего-то другого.”</i>",,
KEY_INFESTATION_STORY5,Text,,", Phoenix Project.",,,,,,", Проект Феникс.",,
KEY_REVENANT_RESISTANCE_HINT,Text,,"Killing the Revenant will not remove this resistance from any Pandoran that already has it.

Pandorans arriving as reinforcements will not receive the resistance.",,,,,,"Убийство Мстителя не снимет это сопротивление с пандорана, который уже имеет его.

пандораны, прибывшие в качестве подкрепления, не получают сопротивления.",,
KEY_REVENANT_RESISTANCE_VO19_TITLE,Text,,Adaptive Resistance Void Omen,,,,,,Предзнаменование Пустоты - адаптивная сопротивляемость,,
KEY_REVENANT_RESISTANCE_TITLE,Text,,Revenant resistance,,,,,,Сопротивляемость Ревенантов,,