Key,Type,Desc,English,Chinese (Simplified),French,German,Italian,Polish,Russian,Spanish,UI_Tester
TFTV_LORE_ALISTAIR_TITLE,Text,,Alistair Ashby,,,,,,Алистер Эшби,,
TFTV_LORE_ALISTAIR_DESCRIPTION,Text,,"Sometimes Alistair thought that the transformative effect of the Pandoravirus on him could not have been greater had he actually been infected with it.

Alistair went from a youthful college-dropout influencer to a bona fide expert, all by taking the first Mist stories seriously, while the rest of the media still considered them fake news. He grasped the significance of what was happening earlier and better than anyone else. He anticipated the Third World War and its consequences, including the rise of the highly polarized and ideologically charged factions, and the demise of race, wealth, nationality and family prestige as relevant sociological factors.

“We are mistaken about the coming Apocalypse. It’s not about extinction or survival. It’s about our place in the new food chain.”

The Pandoravirus also brought Alistair into contact with the child prodigy Olena Kim. They ran into each other more than two decades ago and have been inseparable ever since, to the extent that Alistair now considers himself her oppa (older brother).

The connection - if any - between Alistair and Phoenix Project remains a mystery, but it seems like he knew Randolph Symes III personally.",,,,,,"Иногда Алистер думал, что преобразующее воздействие пандоравируса на него не могло бы быть сильнее, если бы он действительно был им заражен.

Алистер прошел путь от молодого человека, бросившего колледж, до настоящего эксперта, и все благодаря тому, что серьезно отнесся к первым сообщениям о вирусе Мист, в то время как остальные СМИ все еще считали их фальшивыми новостями. Он понял значение происходящего раньше и лучше, чем кто-либо другой. Он предвидел Третью мировую войну и ее последствия, включая подъем крайне поляризованных и идеологически заряженных фракций, а также исчезновение расы, богатства, национальности и семейного престижа как значимых социологических факторов.

Мы заблуждаемся относительно грядущего Апокалипсиса. Речь идет не о вымирании или выживании. Речь идет о нашем месте в новой пищевой цепи.

Пандоравирус также привел Алистера к контакту с ребенком-вундеркиндом Еленой Ким. Они столкнулись более двух десятилетий назад и с тех пор были неразлучны до такой степени, что Алистер теперь считает себя ее оппой (старшим братом).

Связь между Алистером и Проектом Феникс остается загадкой, но, похоже, он был лично знаком с Рэндольфом Саймсом III.",,
TFTV_LORE_OLENA_TITLE,Text,,Olena Kim,,,,,,Елена Ким,,
TFTV_LORE_OLENA_DESCRIPTION,Text,,"Olena was born in Odesa to a Korean father and a Ukrainian mother, both renowned scholars in archaeology and anthropology. They traveled around the world with their daughter, exposing her to different cultures and languages. A prodigy, Olena bears the imprint of a program for the gifted: an alien within her own species.

She lost her parents during the First Mist. When Alistair Ashby and his band of refugees found her, she was another shell shocked child. In time, he became her friend and confidant, one of the few people who understood her.

Olena never talks about her past unless asked directly. She prefers to focus on the present and future challenges. She is loyal to Alistair and respects his judgment, particularly as to people. She is curious about the various factions but wary of their intentions or agendas.",,,,,,"Елена родилась в Одессе в семье отца-корейца и матери-украинки, известных ученых в области археологии и антропологии. Они путешествовали с дочерью по всему миру, знакомя ее с разными культурами и языками. Вундеркинд, Елена несет на себе отпечаток программы для одаренных: она чужая в своем собственном роду.

Она потеряла родителей во время Первого тумана. Когда Алистер Эшби и его группа беженцев нашли ее, она была еще одним потрясенным ребенком. Со временем он стал ее другом и доверенным лицом, одним из немногих, кто ее понимал.

Олена никогда не говорит о своем прошлом, если ее не спрашивают напрямую. Она предпочитает сосредоточиться на настоящем и будущих проблемах. Она верна Алистеру и уважает его суждения, особенно в отношении людей. Ей любопытны различные фракции, но она с опаской относится к их намерениям и планам.",,
TFTV_LORE_HELENA_TITLE,Text,,Helena Lewandowski,,,,,,Елена Левандовски,,
TFTV_LORE_HELAN_DESCRIPTION,Text,,"Helena Lewandowski was born in Warsaw, Poland, in 1993. She had a passion for history and archaeology since she was a child, and pursued her studies at the University of Warsaw. She became one of the world’s leading experts on prehistoric cultures and civilizations, especially those that existed before the last ice age. 

In 2019, she joined Project Glory, a secretive attempt to study the nature of enigmatic ruins that predated Homo Sapiens. Project Glory was funded by the Phoenix Project and Vanadium Inc., and was led by Dr. Randolph Symes III, the director of the Phoenix Project at that time.

However, Dr. Symes did not share her enthusiasm or vision. Helena left Project Glory and joined Vanadium Inc., where she continued her research under the supervision of Tobias West, the CEO of Vanadium Inc. In 2022, when the Pandora virus began to spread across the globe, Helena uncovered evidence of an ancient civilization that had advanced technology and knowledge beyond anything known to modern humans. She contacted West and told him about her breakthrough.

However, West suddenly shut down Project Glory and ordered Helena to return to New Jericho’s headquarters. She was later transferred to a prison facility, where she remained until rescued by the Phoenix Project. ",,,,,,"Хелена Левандовски родилась в Варшаве, Польша, в 1993 году. Она с детства увлекалась историей и археологией и продолжила обучение в Варшавском университете. Она стала одним из ведущих мировых экспертов по доисторическим культурам и цивилизациям, особенно тем, которые существовали до последнего ледникового периода. 

В 2019 году она присоединилась к проекту Слава - тайной попытке изучить природу загадочных руин, существовавших до человечества. Проект Слава финансировался компаниями Проект Феникс и компания Vanadium и возглавлялся доктором Рэндольфом Саймсом III, директором Phoenix Project на тот момент.

Однако доктор Саймс не разделял ее энтузиазма и видения. Хелена покинула проект Слава и присоединилась к Vanadium Inc., где продолжила свои исследования под руководством Тобиаса Уэста, генерального директора Vanadium Inc. В 2022 году, когда вирус Пандоры начал распространяться по всему миру, Хелена обнаружила свидетельства существования древней цивилизации, которая обладала технологиями и знаниями, превосходящими все, что известно современным людям. Она связалась с Уэстом и рассказала ему о своем открытии.

Однако Уэст внезапно закрыл проект Слава и приказал Елене вернуться в штаб-квартиру Нового Иерихона. Позже ее перевели в тюрьму, где она оставалась до тех пор, пока ее не спасла команда Феникс.",,
TFTV_LORE_BENNU_TITLE,Text,,Bennu,,,,,,Бенну,,
TFTV_LORE_BENNU_DESCRIPTION,Text,,"The Phoenix Project relies on a number of Limited Artificial Intelligences: task oriented, non replicating software with limited growth potential devoid of internal personality modulators, aggregated under the namespace ""Bennu"". 

Bennu runs the life support on Phoenix bases, assists with research and manufacturing processes, and provides the Director Interface and other critical information, among many other crucial background tasks. They allow the Director maximum control in both strategic and tactical decisions. 

As a data processing unit, Bennu works to present all relevant information in the most succinct, understandable and engaging manner. Like this text here! Hope you enjoyed it!",,,,,,"Проект Феникс опирается на ряд ограниченных искусственных интеллектов: ориентированных на выполнение задач, не реплицирующихся программ с ограниченным потенциалом роста, лишенных внутренних модуляторов личности, объединенных в пространство имен ""Бенну"". 

Бенну обеспечивают жизнедеятельность баз Феникса, помогают в исследованиях и производственных процессах, предоставляют интерфейс Директора и другую важную информацию, а также выполняют множество других важнейших фоновых задач. Они позволяют директору максимально контролировать принятие стратегических и тактических решений. 

В качестве устройства обработки данных Бенну работает над тем, чтобы представить всю необходимую информацию в наиболее краткой, понятной и увлекательной форме. Понравился этот текст! Надеюсь, Вам понравилось!",,
TFTV_TIP_GEOSCAPE_1,Text,,Accepting a Diplomacy mission from one faction will normally give you a large penalty with the other factions.,,,,,,"Приняв задание по дипломатии от одной фракции, Вы обычно получаете большой штраф в отношениях с другими фракциями.",,
TFTV_TIP_GEOSCAPE_2,Text,,"If you choose to postpone a Diplomacy mission, you will suffer a penalty with the offering faction, and be offered the mission again once you reach the required Diplomacy rating.",,,,,,"Если Вы решите отложить дипломатическую миссию, Вы получите штраф к отношениям с фракцией, предложившей миссию, и Вам предложат ее снова, как только Вы достигнете требуемого рейтинга дипломатии.",,
TFTV_TIP_GEOSCAPE_3,Text,,Void Omens can be removed by destroying Pandoran Lairs or Citadels (or Nests if you are playing on Rookie).,,,,,,"Знамения пустоты можно устранить, уничтожив пандоранские логова или Цитадели (или гнезда, если Вы играете на сложности Новичок).",,
TFTV_TIP_GEOSCAPE_4,Text,,Pandoran Colonies and Infested Havens speed up Pandoran Evolution.,,,,,,"Колонии и Зараженные убежища ускоряют эволюцию пандоранов.",,
TFTV_TIP_GEOSCAPE_5,Text,,Beware of ambushes when exploring!,,,,,,"Остерегайтесь засад во время исследований!",,
TFTV_TIP_GEOSCAPE_6,Text,,You can buy Faction Technologies in the Marketplace.,,,,,,"Вы можете купить технологии фракций на Торговой площади.",,
TFTV_TIP_GEOSCAPE_7,Text,,Reverse Engineering an item will allow the player to research the underlying Faction Technology.,,,,,,"Обратное проектирование предмета позволит игроку изучить технологию фракции, лежащую в его основе.",,
TFTV_TIP_GEOSCAPE_8,Text,,You don't have to follow the Symes questline to win; activate a couple old Phoenix bases to see if there is anything interesting in their archives...,,,,,,"Чтобы победить, необязательно следовать квесту Саймса: активируйте пару старых баз Феникса, чтобы узнать, нет ли в их архивах чего-нибудь интересного...",,
TFTV_TIP_GEOSCAPE_9,Text,,The FAR-M module that comes equipped on your starting Manticore add 4 seats and stamina regeneration to everyone on board.,,,,,,"Модуль FAR-M, которым оснащается стартовая Мантикора, добавляет 4 места и регенерацию выносливости всем, кто находится на борту.",,
TFTV_TIP_GEOSCAPE_10,Text,,"There are 4 different Passenger Modules for your aircraft, each granting a different bonus in addition to the extra seats. You will unlock them as you acquire Faction Technologies.",,,,,,"Для вашего самолета существует 4 различных пассажирских модуля, каждый из которых дает различные бонусы в дополнение к дополнительным местам. Вы откроете их по мере приобретения технологий фракций.",,
TFTV_TIP_GEOSCAPE_11,Text,,"A Haven under attack will send out an S.O.S., revealing its position.",,,,,,"Убежище, подвергшееся нападению, посылает сигнал S.O.S., сообщая о своем положении.",,
TFTV_TIP_GEOSCAPE_12,Text,,Build or repair satellite uplinks at your bases to discover Points of Interest and increase the chance of detecting a Pandoran Colony after successfully defending a haven.,,,,,,"Постройте или отремонтируйте спутники на своих базах, чтобы обнаружить точки интереса и повысить вероятность обнаружения пандоранской колонии после успешной защиты убежища.",,
TFTV_TIP_GEOSCAPE_13,Text,,"As long as haven leaders are not hostile to the Phoenix Project, they will continue to offer recruits, though at a higher price if they dislike you.",,,,,,"Пока лидеры убежища не настроены враждебно к проекту Феникс, они будут продолжать предлагать новобранцев, хотя и по более высокой цене, если Вы им не понравитесь.",,
TFTV_TIP_GEOSCAPE_14,Text,,"As the Oneiric Delirium advances more negative effects will come in play, including Void Omens.",,,,,,"По мере развития Делириума в игру будет вступать все больше негативных эффектов, включая Предзнаменовения Пустоты.",,
TFTV_TIP_GEOSCAPE_15,Text,,Havens destroyed inside the Mist can become Infested.,,,,,,"Убежища, разрушенные внутри тумана, могут стать зараженными.",,
TFTV_TIP_GEOSCAPE_16,Text,,"Infested Havens cannot be saved, but unique rewards can be salvaged and some population recovered.",,,,,,"Зараженные убежища нельзя спасти, но можно получить уникальные награды и восстановить часть населения.",,
TFTV_TIP_GEOSCAPE_17,Text,,"If you are looking for a challenge, check the Make Pandorans Stronger option at the start of the game. If you are still finding everything too easy, try the ETERMES difficulty. Report if you survive, would you kindly. ",,,,,,"Если Вы хотите испытать себя, проверьте опцию Make Pandorans Stronger в начале игры. Если Вам все еще кажется, что все слишком легко, попробуйте сложность ETERMES. Сообщите, если Вы выжили, будьте добры.",,
TFTV_TIP_GEOSCAPE_18,Text,,"If you are finding the game too hard, try playing on Story Mode or Rookie. You can also choose a different difficulty setting for the Tactical portion of the game. You can do so either on starting a new game or in the mod config.",,,,,,"Если игра кажется Вам слишком сложной, попробуйте поиграть в сюжетном режиме или в режиме новичка. Вы также можете выбрать другую настройку сложности для тактической части игры. Это можно сделать либо при начале новой игры, либо в конфигурации мода.",,
TFTV_TIP_GEOSCAPE_19,Text,,"If you run into any Error Messages or other bugs, please report them in our #bug-reporting channel at the Terror from the Void Discord server.",,,,,,"Если Вы столкнулись с какими-либо сообщениями об ошибках или другими багами, пожалуйста, сообщите о них в нашем канале #bug-reporting на сервере Terror from the Void Discord.",,
TFTV_TIP_TACTICAL_1,Text,,The total amount of Delirium of all your operatives present on the mission determines the chance that an Arthron or a Triton will be Touched by the Void.,,,,,,"Общее количество Делириума у всех ваших оперативников, присутствующих на миссии, определяет вероятность того, что Артрон или Тритон будут затронуты Пустотой.",,
TFTV_TIP_TACTICAL_2,Text,,"Umbras can only attack characters that have at least one Delirium point, or are inside the Mist.",,,,,,"Умбра может атаковать только тех персонажей, у которых есть хотя бы одно очко Делириума или которые находятся внутри тумана.",,
TFTV_TIP_TACTICAL_3,Text,,The impact of Delirium on Willpower is weakened if your operative is well rested. Every 10 Stamina will reduce the effect of Delirium on Willpower by 1.,,,,,,"Влияние Делириума на силу воли ослабевает, если Ваш оперативник хорошо отдохнул. Каждые 10 единиц выносливости уменьшают влияние Делириума на силу воли на 1.",,
TFTV_TIP_TACTICAL_4,Text,,"If a body part is disabled in battle, the operative's Stamina will drop to 0 after the mission.",,,,,,"Если в бою часть тела выведена из строя, то после выполнения задания выносливость оперативника упадет до 0.",,
TFTV_TIP_TACTICAL_5,Text,,"The bigger Pandorans will ignore smaller critters, drones and turrets, and walk over them, or squash them.",,,,,,"Более крупные пандораны будут игнорировать мелкую живность, дронов и турели, проходя над ними или раздавливая их.",,
TFTV_TIP_TACTICAL_6,Text,,Decoys and imaginary (or are they?) monsters don't stop bullets.,,,,,,"Приманки и воображаемые (точно воображаемые?) монстры не останавливают пули.",,
TFTV_TIP_TACTICAL_7,Text,,"If you are looking for a challenge, check the Make Pandorans Stronger option at the start of the game. If you are still finding everything too easy, try the ETERMES difficulty. Report if you survive, would you kindly. ",,,,,,"Если Вы хотите испытать себя, проверьте опцию Make Pandorans Stronger в начале игры. Если Вам все еще кажется, что все слишком легко, попробуйте сложность ETERMES. Сообщите, если Вы выжили, будьте добры.",,
TFTV_TIP_TACTICAL_8,Text,,"If you are finding the game too hard, try playing on Story Mode or Rookie. You can also choose a different difficulty setting for the Tactical portion of the game. You can do so either on starting a new game or in the mod config.",,,,,,"Если Вы хотите испытать себя, проверьте опцию Make Pandorans Stronger в начале игры. Если Вам все еще кажется, что все слишком легко, попробуйте сложность ETERMES. Сообщите, если Вы выжили, будьте добры. ",,
TFTV_TIP_TACTICAL_9,Text,,"If you run into any Error Messages or other bugs, please report them in our #bug-reporting channel at the Phoenix Rising Discord server.",,,,,,"Если Вы столкнулись с какими-либо сообщениями об ошибках или другими багами, пожалуйста, сообщите о них в нашем канале #bug-reporting на сервере Phoenix Rising Discord.",,
TFTV_TIP_TACTICAL_10,Text,,Smart adversaries will realize fast that they are attacking a decoy.,,,,,,"Умные противники быстро поймут, что атакуют приманку.",,
TFTV_TIP_GEOSCAPE_20,Text,,The volume of Pandorans that a craft is able to extract is equal to its carrying capacity when equipped with a passenger module.,,,,,,"Объем пандоранов, который может извлечь корабль, равен его грузоподъемности, если он оснащен пассажирским модулем.",,
TFTV_TIP_GEOSCAPE_21,Text,,Only one aircraft can be used for extracting paralyzed Pandorans for capture. The game will automatically pick the one with the largest capture capacity.,,,,,,"Только один самолет может быть использован для извлечения парализованных пандоранов для захвата. Игра автоматически выберет самолет с наибольшей вместимостью.",,
TFTV_TIP_GEOSCAPE_22,Text,,If you have built a Containment Facility the game will automatically try to extract the most valuable of the paralyzed Pandorans at the end of a successful mission.,,,,,,"Если Вы построили изолятор, то в конце успешной миссии игра автоматически попытается извлечь самого ценного из парализованных пандоранов.",,
TFTV_TIP_GEOSCAPE_23,Text,,"If you want to ensure that a lower value Pandoran gets captured, click on the fully paralyzed Pandoran and choose that option in the dropdown menu. Do the same to remove the mark.",,,,,,"Если Вы хотите, чтобы в плен попал пандоран с меньшей стоимостью, щелкните по полностью парализованному пандорану и выберите этот вариант в выпадающем меню. Сделайте то же самое, чтобы снять метку.",,
TFTV_TIP_GEOSCAPE_24,Text,,Scyllas are big! You will need a special module to capture them.,,,,,,"Сциллы очень большие! Для их захвата Вам понадобится специальный модуль.",,
TFTV_TIP_GEOSCAPE_25,Text,,"If you have a Mutation Lab, captured Pandorans will generate Mutagens every hour. Each Mutation Lab can generate up to 50 Mutagens per day.",,,,,,"Если у Вас есть Лаборатория мутаций, захваченные пандораны будут генерировать мутагены каждый час. Каждая лаборатория мутаций может генерировать до 50 мутагенов в день.",,
TFTV_TIP_GEOSCAPE_26,Text,,"If you have a Food Production facility you can process captured Pandorans, turning them into food. Each of these facilities can process 50 units of Pandoran meat per day.",,,,,,"Если у Вас есть предприятие по производству продуктов питания, Вы можете перерабатывать захваченных пандоранов, превращая их в еду. Каждый из этих объектов может перерабатывать 50 единиц пандоранского мяса в день.",,
TFTV_TIP_GEOSCAPE_27,Text,,Do you recall the legend of Fort Bacon?,,,,,,Вы помните легенду о Форте Бэкон?,,
TFTV_TIP_GEOSCAPE_28,Text,,Containment facilities housing captured Pandoran life forms are perfectly secure. You have absolutely nothing to worry about.,,,,,,"Контейнеры, в которых содержатся захваченные пандоранские формы жизни, находятся в полной безопасности. Вам совершенно не о чем беспокоиться.",,
TFTV_TIP_GEOSCAPE_29,Text,,Project Cornucopia is made of fishpeople! It’s made of fishpeople!,,,,,,"Проект "Рог изобилия" сделан из рыболюдей! ИЗ РЫБОЛЮДЕЙ!",,
TFTV_TIP_GEOSCAPE_30,Text,,There are no known health risks associated with consuming nutrients derived from our autonomous Food Production facilities.,,,,,,"Нет никаких известных рисков для здоровья, связанных с потреблением питательных веществ, полученных на наших автономных предприятиях по производству продуктов питания.",,
TFTV_TIP_GEOSCAPE_31,Text,,"If your system, or you, are struggling with the Mist from the More Mist Void Omen, you can turn it off in the Mod settings.",,,,,,"Если ваша система или Вы сами испытываете трудности с туманом от More Mist Void Omen, Вы можете отключить его в настройках мода.",,
TFTV_TIP_GEOSCAPE_32,Text,,"If the Limited Deployment Void Omen is too much for you, you can turn it off on new game start or in Mod settings.",,,,,,"Если ограниченное развертывание Void Omen слишком для вас, Вы можете отключить его при новом запуске игры или в настройках мода.",,
TFTV_TIP_GEOSCAPE_33,Text,,You don't need an aircraft at the Bazaar to buy things! We deliver!,,,,,,"Чтобы купить вещи на базаре, Вам не нужен самолет! Доставка включена в стоимость товара!",,
TFTV_TIP_GEOSCAPE_34,Text,,Mercenaries refuse to be augmented or mutated.,,,,,,"Наемники не станут приобретать мутации, или аугментировать себя.",,
KEY_TACTICAL_LOADING_TIP_4_TFTV,Text,,The Berserker's Dash ability allows a soldier to move up to half its movement range for 1 Action Point.,,,,,,"Способность Рывок Берсерка позволяет воину переместиться на половину своей дальности передвижения за 1 очко действия.",,
KEY_DAMAGE_TYPE_ACID_DESC,Text,,"ACID damage sticks to individual body parts - each turn it applies damage to armor first (ignoring temporary armor granted by Electric Reinforcement and similar), then body. Electronic body parts are disabled if their HP are reduced by Acid. Acid Resistance reduces damage from Acid to body parts by 50%. Acid levels reduce by 10 each turn. ",,,,,,"Урон КИСЛОТОЙ добавляется к отдельным частям тела — каждый ход сначала наносится урон броне (игнорируя временную броню, предоставляемую электрическим усилением и тому подобными эффектами), а затем телу. Электронные части тела отключаются, если их HP снижается кислотой. Устойчивость к кислоте снижает урон от кислоты частям тела на 50%. Уровень кислоты снижается на 10 каждый ход.",,
KEY_ACID_RESISTANCE_DESCRIPTION,Text,,Reduces damage from Acid to body parts by 50%.,,,,,,Уменьшает урон по частям тела кислотой на 50%.,,
KEY_TACTICAL_LOADING_TIP_28,Text,,"Acid damage attached to body parts will damage armor first (ignoring temporary armor granted by Electric Reinforcement and similar), and then body parts. Electronic body parts are disabled if their HP are reduced by Acid. Acid Resistance reduces damage from Acid to body parts by 50%. Remaining acid levels decrease by 10 each turn.",,,,,,"Урон кислотой, нанесенный частям тела, сначала повредит броню (игнорируя временную броню, предоставляемую электрическим усилением и тому подобными эффектами), а затем части тела. Электронные части тела отключаются, если их HP снижается кислотой. Устойчивость к кислоте снижает урон от кислоты частям тела на 50%. Оставшийся уровень кислоты уменьшается на 10 каждый ход.",,
KEY_TACTICAL_LOADING_TIP_26,Text,,"Poison will inflict damage and reduce WP at the start of the turn, and then the poison value will decrease, and inflict less damage on the next turn, until no poison is left. A poisoned character has a 50% penalty to aim.",,,,,,"Яд нанесет урон и уменьшит очки воли в начале хода, а затем значение яда уменьшится и на следующем ходу будет наносить меньше урона, пока яд не исчезнет. Отравленный персонаж имеет 50% штраф к прицеливанию.",,
KEY_GEOSCAPE_LOADING_TIP_9,Text,,"Most of the interesting technology is possessed by the factions - to get access to it, you can 1) ally with them, 2) steal it from them, 3) reverse engineer their items to get access to the underlying technology, or 4) buy it in the Marketplace.",,,,,,"Большинством интересных технологий обладают фракции — чтобы получить к ним доступ, Вы можете 1) вступить в союз с ними, 2) украсть их у них, 3) перепроектировать их предметы, чтобы получить доступ к базовой технологии, или 4) купить это на торговой площадке.",,
KEY_TACTICAL_LOADING_TIP_1,Text,,"Mindfraggers can take control of your soldiers. A risky way to remove them is to aim at the victim’s head. Handguns work best. If you are playing with Stronger Pandorans option on, removing the Mindfragger by any means other than using the Technician Arms will cause it to explode, dealing a small amount of Acid damage.",,,,,,"Промыватели могут взять под контроль ваших солдат. Рискованный способ их удаления – прицелиться в голову жертвы. Пистолеты работают лучше всего, но если Вы играете с включенной опцией «Сильные пандораны», удаление Промывателя любым способом, кроме использования манипуляторов техника, приведет к его взрыву, нанося небольшой урон кислотой.",,
KEY_TACTICAL_LOADING_TIP_16,Text,,Mist spread during a mission will conceal Pandorans and restore their Will Points. If one of your soldiers is caught inside mist they will be revealed to the enemy and will lose Will Points. Any units (including vehicles) caught in the Mist can be targetted by the Umbra.,,,,,,"Туман, распространяющийся во время миссии, скроет пандоранов и восстановит их очки воли. Если один из ваших солдат окажется в тумане, он откроется врагу и потеряет очки воли. Любые юниты (включая транспортные средства), попавшие в Туман, могут стать целью Умбры.",,
TFTV_TIP_TACTICAL_11,Text,,"If you find the ambush missions too challenging, consider playing with the REVEAL EXIT IN AMBUSH EARLY option enabled. You can select this option either during New Game setup or in the Mod Configuration tab on the main title screen.",,,,,,"Если миссии с засадами кажутся Вам слишком сложными, рассмотрите возможность игры с включенной опцией ОТКРЫТЬ ВЫХОД ИЗ ЗАСАДЫ РАНЬШЕ. Вы можете выбрать эту опцию либо во время настройки новой игры, либо на вкладке «Конфигурация мода» на главном титульном экране.",,