Key,Type,Desc,English,Chinese (Simplified),French,German,Italian,Polish,Russian,Spanish,UI_Tester
VOID_OMEN_TITLE_1,Text,,"Ambushes more dangerous and more likely, but have more crates",,"Les embuscades sont plus dangereuses et plus fréquentes, mais il y a plus de caisses de stockage.",,,,"Засады более опасны и вероятны, но в них больше ящиков",,
VOID_OMEN_TITLE_2,Text,,All diplomatic penalties and rewards halved,,Toutes les pénalités et récompenses diplomatiques sont réduites de moitié,,,,Все дипломатические штрафы и награды уменьшены вдвое,,
VOID_OMEN_TITLE_3,Text,,"All abilities cost +50% WP, but Delirium has no effect on WP",,"Toutes les capacités coûtent +50% de Points de Volonté, mais le délire n'a aucun effet sur les Points de Volonté.",,,,"Все способности стоят +50% очков действия, но Делириум не влияет на очки действия.",,
VOID_OMEN_TITLE_4,Text,,"Max operatives that can be deployed reduced by 2, but +100% experience ",,"6 agents maximum peuvent être déployés sur n'importe quelle mission, mais +100% d'expérience. ",,,,"Максимальное количество оперативников, которые могут быть развернуты, сократилось на 2, но опыт увеличился на 100%",,
VOID_OMEN_TITLE_5,Text,,"Haven defenders always hostile, but crates available for looting ",,"Les défenseurs des refuges sont toujours hostiles, mais des caisses sont disponibles pour le pillage. ",,,,"Защитники убежища всегда враждебны, но ящики доступны для обчистки",,
VOID_OMEN_TITLE_6,Text,,"Pandorans evolve as they lose missions and colonies, but Phoenix research output increased by 50%",,Les pandoriens évoluent au fur et à mesure qu'ils perdent des missions et des colonies.,,,,"пандораны эволюционируют, когда терпят поражения, но производительность исследований Феникса увеличилась на 50%",,
VOID_OMEN_TITLE_7,Text,,"More Mist in missions, can deploy one more operative on standard missions",,Plus de brume dans les missions,,,,"Больше тумана в миссиях, можно развернуть еще одного оперативника на стандартных миссиях",,
VOID_OMEN_TITLE_8,Text,,"Diplomatic penalties among factions +50%, but research by factions doubled",,"Pénalités diplomatiques entre factions +50%, mais recherche de factions doublée",,,,"Дипломатические штрафы между фракциями +50%, но исследования фракций удвоены",,
VOID_OMEN_TITLE_9,Text,,Attacks on havens twice as frequent,,Des attaques deux fois plus fréquentes contre les refuges,,,,Атаки на убежища происходят вдвое чаще.,,
VOID_OMEN_TITLE_10,Text,,"No limit to Delirium, regardless of ODI level",,"Aucune limite au délire, quel que soit le niveau d'ODI",,,,"Нет ограничений для Делириума, независимо от уровня ODI",,
VOID_OMEN_TITLE_11,Text,,Behemoth disruption threshold increased,,Augmentation du seuil de perturbation du Béhémoth,,,,Порог повреждений Бегемота увеличен,,
VOID_OMEN_TITLE_12,Text,,Strength of Pandoran attacks on Havens increased by 50%,,La force des attaques des Pandoriens sur les refuges est augmentée de 50%.,,,,Сила атак пандоранов на убежища увеличилась на 50%,,
VOID_OMEN_TITLE_13,Text,,New Pandoran Colonies are built 100% faster,,Les nouvelles colonies pandoriennes sont construites 100 % plus rapidement.,,,,Новые колонии пандоранов строятся на 100% быстрее,,
VOID_OMEN_TITLE_14,Text,,Human perception lowered to 20 from 30,,Perception humaine diminuée de 35 à 20,,,,Человеческое восприятие снизилось с 30 до 20,,
VOID_OMEN_TITLE_15,Text,,"More Touched by the Void, but Umbra disappear after 1 turn",,Plus d'Ombres,,,,"Больше касаний Пустоты, но Умбра исчезает после 1 хода",,
VOID_OMEN_TITLE_16,Text,,Touched by the Void can appear anywhere and Umbras can attack anyone,,Les Ombres peuvent apparaître n'importe où et attaquer n'importe qui,,,,"Касание Пустоты может появиться в любом месте, и Умбры могут атаковать кого угодно.",,
VOID_OMEN_TITLE_17,Text,,Destroyed havens in Mist always become infested,,Les refuges détruits dans la brume deviennent toujours infestés,,,,Убежища разрушенные в Тумане всегда становятся зараженными,,
VOID_OMEN_TITLE_18,Text,,"Havens defense rating higher, rewards from haven defense missions lower",,"Le taux de défense des refuges est plus élevé, mais les récompenses des missions de défense sont plus faibles.",,,,"Рейтинг защиты убежища выше, награды за миссии обороны убежища ниже",,
VOID_OMEN_TITLE_19,Text,,"Pandorans gain adaptive resistance, Bazaar prices reduced ",,"Les Pandorans acquièrent une résistance évolutive réactive, le coût de la technologie du Bazar est réduit",,,,"пандораны приобретают адаптивное сопротивление, цены на базаре снижены",,
VOID_OMEN_TITLE_20,Text,,Behemoth can deploy experimental (lower strength) Abbadons,,Le Behemoth peut déployer des Abbadons expérimentaux (de force inférieure).,,,,Бегемот может развернуть экспериментальных (с меньшей силой) Аббадонов,,
VOID_OMEN_DESCRIPTION_TEXT_1,Text,,"Communication intercepts from both factions and independent scavenging teams show a spike in hostile encounters, correlating to an overall shift in focus towards foraging as a more relevant procurement source. We speculate that the existence of previously hidden caches has been revealed simultaneously to a number of groups, prompting a scramble to secure them.
",,"<i>"" Les rapports que nous interceptons des équipes de récupérateurs, qu'ils soient de faction ou indépendants, indiquent que cela devient plus dangereux là-bas... Mais nous verrons probablement plus de butin, car... moins de concurrence. ""</i>",,,,"Перехваты коммуникации как от фракций, так и от независимых команд-сборщиков показывают увеличение враждебных столкновений, коррелирующих с общим сдвигом в фокусе на добычу как более актуальный источник снабжения. Мы предполагаем, что существование ранее скрытых кэшей было одновременно раскрыто нескольким группам, что вызвало борьбу за их обеспечение.",,
VOID_OMEN_DESCRIPTION_TEXT_2,Text,,"Analysis of public feeds indicates a sudden onset of political apathy within the havens populace and political leadership. Under these circumstances it will be difficult to make headway with any faction towards goal alignment. However, the situation does present an opportunity for executing actions that were previously deemed prohibitively unpopular.",,"<i>""Nous perdons notre boussole éthique, si nous en avons jamais eu une.""</i> ",,,,"Анализ общественных потоков указывает на внезапное начало политической апатии среди населения убежищ и политического руководства. В этих обстоятельствах будет сложно продвигаться с какой-либо фракцией в направлении выравнивания целей. Однако ситуация действительно предоставляет возможность для осуществления действий, которые ранее считались чрезмерно непопулярными.",,
VOID_OMEN_DESCRIPTION_TEXT_3,Text,,"We are now in a position to confirm that the feeling of persistent tiredness and increased difficulty in executing strenuous mental or physical tasks is exacerbated in stressful situations, most notably combat. No biochemical changes have been observed, however, and we are not able to clinically explain this condition nor treat it.",,"<i>""C'est un cauchemar éveillé. Peut-on s'habituer aux cauchemars ?""</i> ",,,,"Мы теперь можем подтвердить, что чувство постоянной усталости и увеличенная сложность выполнения утомительных умственных или физических задач являются общими и усиливаются в стрессовых ситуациях, особенно в боевых действиях. Однако биохимические изменения не были обнаружены, и мы не можем клинически объяснить это состояние или лечить его.",,
VOID_OMEN_DESCRIPTION_TEXT_4,Text,,"Our analysis of the latest mission reports and debriefings shows a worrisome trend: our operatives are increasingly irritable and distrustful of each other, often choosing to perform tasks themselves rather than relying on their teammates.

<i>""Have you seen the latest psych-evals? 'Trust issues' is putting it mildly: they could start shooting each other any minute. If you want my advice, keep the combat units small, at least for a while.""</i>",,"<i>""Vous avez vu les derniers tests psychologiques ? Les ""problèmes de confiance"" sont un euphémisme : ils peuvent commencer à se tirer dessus à tout moment. Si vous voulez mon avis, gardez les unités de combat réduites, au moins pour un moment.""</i> ",,,,"Наш анализ последних отчетов о миссиях и дебрифингов показывает тревожную тенденцию: наши оперативники все более раздражительны и недоверчивы друг к другу, часто предпочитая выполнять задачи сами, а не полагаясь на своих товарищей.

<i>""Вы видели последние психологические оценки? 'Проблемы с доверием' - это мягко сказано: они могут начать стрелять друг в друга в любую минуту. Если хотите моего совета, держите боевые группы маленькими, по крайней мере, некоторое время.""</i>",,
VOID_OMEN_DESCRIPTION_TEXT_5,Text,,"We are receiving baffling reports that sizable contingents of haven inhabitants are convinced that the Pandoran attacks are being provoked by the Phoenix Project for ulterior motives, ranging from world domination to marauding. They are demanding the authorities provide weapons and other equipment to protect their homes. ",,"<i>""Ils sont devenus paranoïaques ! Ils pensent que nous ne sommes pas là pour les défendre, mais pour prendre leurs biens. Honnêtement, je pense que nous devrions, juste pour leur donner une leçon.""</i> ",,,,"Мы получаем ошеломляющие отчеты о том, что значительные отряды обитателей убежищ убеждены в том, что атаки пандораны вызываются Проектом Феникс из скрытых мотивов, включая мировое господство и мародерство. Они требуют, чтобы власти предоставили оружие и другое оборудование для защиты их домов.",,
VOID_OMEN_DESCRIPTION_TEXT_6,Text,,"Observations on the field reveal that Pandorans are evolving and adapting to counter our tactics with uncanny velocity, even for Pandoran standards of rapid evolution. A fortunate side effect is that our scientists seem to have taken on the challenge.",,"<i>""A quoi vous attendiez-vous ? Eux aussi sont capables d'apprendre de leurs erreurs.""</i> ",,,,"Наблюдения на поле показывают, что пандораны эволюционируют и адаптируются для противодействия нашим тактикам с поразительной скоростью, даже для стандартов пандоранов с их быстрой эволюцией. Благоприятным побочным эффектом является то, что наши ученые, кажется, приняли вызов.",,
VOID_OMEN_DESCRIPTION_TEXT_7,Text,,"The repurposed weather satellites we have been using to monitor the Mist are showing manyfold higher concentrations of it in covered areas. Recommend augmenting standard deployment to maintain adequate situational awareness.

<i> ""It has nothing to do with meteorology. We know nothing about the Mist: why it moves, where to, why there is so much more of it all of a sudden. Yes, as a ""Mist Expert"" I admit I'm a fraud."" </i>",,"<i>""Cela n'a rien à voir avec la météorologie. Nous ne savons rien de la brume : pourquoi elle se déplace, où elle va, pourquoi il y en a tellement plus tout d'un coup. Oui, en tant qu'""expert en brouillard"", j'admets que je suis un imposteur.""</i> ",,,,"Переоборудованные метеорологические спутники, которые мы используем для мониторинга Тумана, показывают многократно более высокие концентрации его в закрытых зонах. Рекомендуется увеличить стандартное развертывание для поддержания достаточного уровня ситуационного осведомленности.

<i> ""Это никак не связано с метеорологией. Мы ничего не знаем о Тумане: почему он движется, куда, почему вдруг стало так много. Да, как ""Эксперт по Туману"", я признаюсь, что я обманщик."" </i>",,
VOID_OMEN_DESCRIPTION_TEXT_8,Text,,"Reports from our sources in New Jericho indicate that the faction is implementing enhanced security protocols and increased scrutiny of outside contacts. Surprisingly, our intelligence shows that this behavior is being mirrored by the Disciples of Anu and Synedrion.

<i> ""Them and us, we can't help but see the world that way. Odd how sometimes that peaks and we forget that we are all part of the same species. A species that is currently facing extinction.""</i>",,"<i>""Eux et nous, on ne peut s'empêcher de voir le monde de cette façon. C'est étrange comme parfois cela culmine et nous oublions que nous faisons tous partie de la même espèce. Une espèce qui est actuellement en voie d'extinction.""</i> ",,,,"Отчеты от наших источников в Новом Иерихоне указывают на то, что фракция внедряет улучшенные протоколы безопасности и усиливает контроль над внешними контактами. Удивительно, наша разведка показывает, что такое поведение повторяется у Последователей Ану и Синедриона.

<i> ""Они и мы, мы не можем не видеть мир таким образом. Странно, как иногда это достигает пика, и мы забываем, что мы все часть одного вида. Вида, который в настоящее время стоит перед вымиранием.""</i>",,
VOID_OMEN_DESCRIPTION_TEXT_9,Text,,"We are receiving reports of a high number of sightings of sizable Pandoran concentrations in the vicinity of havens. Our conclusion is that we are entering a more active phase of Pandoran aggression against remaining centers of population.

<i> ""I would say they are off the leash now, but, if so, who was holding it?""</i>",,"<i>""C'est un cauchemar éveillé. Tu peux t'habituer aux cauchemars ?""</i>",,,,"Мы получаем сообщения о большом количестве наблюдений крупных скоплений пандор в окрестностях убежищ. Наш вывод состоит в том, что мы входим в более активную фазу пандорской агрессии против оставшихся центров населения.

<i> ""Я бы сказал, что они теперь на свободе, но, если так, то кто их держал?""</i>",,
VOID_OMEN_DESCRIPTION_TEXT_10,Text,,"Our operatives are exhibiting symptoms akin to myalgic encephalitis, or chronic fatigue syndrome. Field observation and medical examinations confirm strong correlation with prolonged exposure to the Mist.",,<i>Je ne peux pas me réveiller Je ne peux pas me réveiller Je ne peux pas me réveiller <b>JE NE PEUX PAS ME REVEILLER</b></i>,,,,"Наши оперативники проявляют симптомы, сходные с миалгическим энцефалитом или синдромом хронической усталости. Полевые наблюдения и медицинские обследования подтверждают тесную корреляцию с продолжительным воздействием Тумана.",,
VOID_OMEN_DESCRIPTION_TEXT_11,Text,,"Pattern analysis of the Behemoth creature and of its surrounding ecology suggests longer periods of above-surface activity for an indeterminate period of time.

<i>""Could this be another milestone in its evolution? Will we be seeing the marine-origin airborne creatures in the 'Festering Skies' walking on land next? I certainly hope not.</i>”",,<i>Il ne veut pas s'arrêter</i>,,,,"Анализ паттернов существа Бегемот и его окружающей экологии указывает на более длительные периоды активности над поверхностью на неопределенный период времени.

<i>""Может ли это быть еще одним веховым моментом в его эволюции? Увидим ли мы следующим шагом морских воздушных существ в 'Гниющих небесах', шагающих по земле? Я надеюсь, что нет.</i>""",,
VOID_OMEN_DESCRIPTION_TEXT_12,Text,,"Our intelligence shows that the number of Pandorans involved in the attacks against the havens has increased substantially. We speculate that they must be trying to overcome the haven defenses by brute force. Unless other circumstances concur, this simple strategy might prove highly effective.",,<i>Ils nous envoient tout ce qu'ils ont</i>,,,,"Наши данные показывают, что количество пандоранев, участвующих в атаках на убежища, значительно увеличилось. Мы предполагаем, что они, должно быть, пытаются преодолеть защиту убежищ силой. Если не возникнут другие обстоятельства, эта простая стратегия может оказаться очень эффективной.",,
VOID_OMEN_DESCRIPTION_TEXT_13,Text,,"Overhead imagery and field observations confirm our previous suspicions that the Pandorans are using predominantly lower evolution tier creatures to build their colonies, the basic Arthron claw being the main digging utensil. Startlingly, these digging operations have experienced a dramatic increase in number and intensity.",,"<i>""Ecoutez, les Colonies Pandoriennes ne se créent pas par hasard... Elles suivent un certain modèle ; je ne peux pas vous dire lequel car nous ne le comprenons pas... pour le moment. Mais je peux vous dire que quelque chose a changé.""</i>",,,,"Изображения с воздушных снимков и полевые наблюдения подтверждают наши предыдущие подозрения о том, что пандораны используют в основном существ низшего эволюционного уровня для строительства своих колоний, причем основным инструментом для копания является базовый коготь Артрона. Удивительно, что эти копательные операции столкнулись с резким увеличением числа и интенсивности.",,
VOID_OMEN_DESCRIPTION_TEXT_14,Text,,"According to recent field reports we have begun experiencing unexplainable shortcomings in our situational awareness during combat operations. Further analysis and experimentation at our research facilities has led us to an unexpected conclusion: this is a species-wide perception reducing effect tied to an unknown neurological condition.  

<i>Have you noticed how things look less substantial these days? Like they were covered in fog, or made of cotton candy. Maybe it's just me.</i>",,<i>Avez-vous remarqué que les choses ont l'air moins importantes de nos jours ? Comme si elles étaient couvertes de brouillard ou faites de barbe à papa. Peut-être que c'est juste moi.</i>,,,,"Согласно последним полевым отчетам, мы начали испытывать непонятные недостатки в нашем ситуационном восприятии во время боевых операций. Дальнейший анализ и эксперименты в наших исследовательских учреждениях привели нас к неожиданному выводу: это эффект снижения восприятия на уровне всего вида, связанный с неизвестным неврологическим состоянием.

<i>Вы заметили, как в последнее время все кажется менее существенным? Как будто они покрыты туманом или сделаны из сахарной ваты. Может быть, это просто мне.</i>",,
VOID_OMEN_DESCRIPTION_TEXT_15,Text,,"The number of reports of encounters with psycho-paranormal phenomena is currently peaking. Since we cannot objectively verify the occurrence of these events, we are increasing the frequency of psyche evaluations of all operatives.

<i>Our people are seeing <b>more</b> oil monsters in the field. Not surprisingly the strict adherents of the scientific method among us are explaining this away as our operatives are going <b>more</b> crazy.""</i>",,"<i>""Nos hommes voient de <b>plus en plus</b> de monstres pétroliers sur le terrain. J'ai hâte que les adeptes de la méthode scientifique expliquent cela par le fait que nos agents deviennent de <b>plus en plus</b> fous.""</i>",,,,"Количество сообщений о встречах с психо-паранормальными явлениями в настоящее время достигло пика. Поскольку мы не можем объективно подтвердить возникновение этих событий, мы увеличиваем частоту психологических оценок всех сотрудников.

<i>Наши люди видят <b>больше</b> нефтяных монстров на местности. Неудивительно, что строгие сторонники научного метода среди нас объясняют это тем, что наши сотрудники становятся <b>больше</b> сумасшедшими.</i>",,
VOID_OMEN_DESCRIPTION_TEXT_16,Text,,We are receiving reports of psycho-paranormal phenomena occurring in areas where no Mist is present. A likely explanation is that it is another manifestation of the mass psychogenic illness or mass hysteria somehow connected to the Oneiric Delirium.,,<i>Ce n'est pas juste ! Les démons sont censés suivre des règles aussi !</i>,,,,"Мы получаем сообщения о психо-паранормальных явлениях, происходящих в районах, где нет Тумана. Вероятное объяснение заключается в том, что это еще одно проявление массовой психогенной болезни или массовой истерии, каким-то образом связанной с Онейрическим Делириумом.",,
VOID_OMEN_DESCRIPTION_TEXT_17,Text,,"Exploration of havens destroyed by Pandorans typically conform to a scenario of complete destruction of the haven facilities and the physical extermination or kidnapping of all its inhabitants. However, we are receiving reports that havens in areas covered by Mist are suffering a different fate.",,<i>Et si c'était leur but ultime ? Faire de nous tous les marionnettes d'une intelligence extraterrestre ?</i>,,,,"Исследование убежищ, разрушенных Пандоранами, обычно соответствует сценарию полного уничтожения объектов убежища и физического уничтожения или похищения всех его обитателей. Однако у нас поступают сообщения о том, что убежища в районах, покрытых Туманом, испытывают другую участь.",,
VOID_OMEN_DESCRIPTION_TEXT_18,Text,,"Our intelligence sources within the factions report that they are mobilizing additional personnel to enhance the havens defense capabilities and reduce their dependence on outside help, most notably the Phoenix Project. We have to look for other sources of resource procurement for the time being.

<i>""To keep the Synedrion dream alive, we must keep our people alive. Join the volunteer militia today! Service guarantees basic alimentary allocation."" </i> - Notice on a public Synedrion feed",,"<i>"" To keep the Synedrion dream alive, we must keep our people alive. Join the volunteer militia today ! Service guarantees basic alimentary allocation."" </i>

- Public notice on a Synedrion feed",,,,"Наши источники разведки внутри фракций сообщают, что они мобилизуют дополнительный персонал для усиления оборонных возможностей убежищ и сокращения зависимости от внешней помощи, в частности от Проекта Феникс. Нам нужно искать другие источники обеспечения ресурсами на данный момент.

<i>""Чтобы сохранить мечту Синедриона в живых, мы должны сохранить наших людей в живых. Присоединяйтесь к добровольной милиции сегодня! Служба гарантирует базовое питание."" </i> - Объявление на публичном канале Синедриона",,
VOID_OMEN_DESCRIPTION_TEXT_19,Text,,"We have arrived at a troubling conclusion based on recent operational debriefings: the Pandorans seem to possess intelligence regarding our tactics and war doctrine and are physiologically adapting to it on the fly. Our friends at the Bazaar have confirmed that this is a generalized phenomenon and have expressed willingness to assist us in any way they can.

<i>They *know* us. Is it really all that surprsing? We are seeing their nightmares, they learn our tactics.</i>",,"<i>Ils nous ""connaissent"". Est-ce vraiment si surprenant ? Nous voyons leurs cauchemars, ils apprennent nos tactiques.""</i>",,,,"Мы пришли к тревожному выводу на основе недавних оперативных дебрифингов: пандораны, кажется, обладают информацией о наших тактиках и военной доктрине, и физиологически адаптируются к ним на лету. Наши друзья из Базара подтвердили, что это общее явление, и выразили готовность помочь нам любым способом.

<i>Они *знают* нас. Это действительно так удивительно? Мы видим их кошмары, они учатся нашим тактикам.</i>",,
VOID_OMEN_DESCRIPTION_TEXT_20,Text,,<i>They are always coming up with something new.</i>,,<i>Ils sont toujours en train d'inventer quelque chose de nouveau.</i>,,,,<i>Они всегда придумывают что-то новенькое.</i>,,
VOID_OMEN_REMOVAL_TEXT_1,Text,,"In the aftermath of heightened hostilities and intensified resource acquisition, the operational landscape gradually reverts to established parameters. The aberrant frequency of ambushes diminishes, returning to standard levels.",,,,,,"После усиления враждебностей и интенсификации добычи ресурсов операционная обстановка постепенно возвращается к установленным параметрам. Аномальная частота засад уменьшается, возвращаясь к стандартным уровням.",,
VOID_OMEN_REMOVAL_TEXT_2,Text,,"Following a period characterized by a reduction in political engagement, the populace's interest and involvement in factional dynamics show signs of normalization. Diplomatic challenges resume their standard equilibrium. The ebb and flow of diplomatic interactions return to baseline parameters.",,,,,,"После периода, характеризующегося снижением политического вовлечения, интерес и участие населения в фракционной динамике показывают признаки нормализации. Дипломатические вызовы возобновляют свое стандартное равновесие. Пульсация дипломатических взаимодействий возвращается к базовым параметрам.",,
VOID_OMEN_REMOVAL_TEXT_3,Text,,"The reported increase in feelings of persistent tiredness and increased difficulty in executing strenuous mental or physical tasks has subsided, marking a return to standard operational parameters. We attribute with high confidence the recovery to customary levels of operational efficiency to adjustment in pharmacological and direct-stimulatory therapy. ",,,,,,"Сообщенный рост чувства постоянной усталости и увеличенной сложности выполнения утомительных умственных или физических задач уменьшился, что свидетельствует о возвращении к стандартным операционным параметрам. Мы с уверенностью приписываем восстановление обычным уровням операционной эффективности коррекции в фармакологической и прямой стимулирующей терапии.",,
VOID_OMEN_REMOVAL_TEXT_4,Text,,"The disconcerting trend observed in operative behavior, marked by increased irritability and self-reliance, has abated. Operational cohesion is restored as operatives regain trust in their teammates. The organization returns to its customary level of teamwork and collaborative task execution",,,,,,"Обеспокоительная тенденция, наблюдаемая в оперативном поведении и проявляющаяся увеличением раздражительности и самостоятельности, уменьшилась. Оперативное взаимодействие восстановлено, поскольку оперативники вновь начали доверять своим товарищам по команде. Организация возвращается к привычному уровню командной работы и совместному выполнению задач.",,
VOID_OMEN_REMOVAL_TEXT_5,Text,,"The peculiar shift in attitude among Haven defenders, rendering them perpetually hostile, has concluded. Normalcy is restored, and the defenders resume their customary disposition.",,,,,,"Особенное изменение отношения среди защитников убежища, делающее их постоянно враждебными, завершено. Нормальность восстановлена, и защитники возвращаются к своему обычному распорядку.",,
VOID_OMEN_REMOVAL_TEXT_6,Text,,"The accelerated evolution observed in Pandoran entities, a response to losses sustained in missions and colonies, has ceased. Concurrently, the augmented research output from the Phoenix Project has returned to standard levels. The intricate dance of adaptation and advancement reaches an equilibrium.",,,,,,"Ускоренная эволюция, наблюдаемая у существ Пандоры в ответ на потери, понесенные в миссиях и колониях, прекратилась. В то же время увеличенный объем исследований от Проекта Феникс вернулся к стандартным уровням. Сложный танец адаптации и прогресса достигает равновесия.",,
VOID_OMEN_REMOVAL_TEXT_7,Text,,"The heightened concentrations of Mist observed in covered areas, prompting the augmentation in operative deployment, have abated. The standard Mist levels return, and the organization resumes deploying the customary number of operatives on standard missions. Operational situational awareness is maintained at expected levels.",,,,,,"Повышенные концентрации Тумана, наблюдаемые в закрытых зонах и приводившие к увеличению числа оперативных действий, уменьшились. Стандартные уровни Тумана возвращаются, и организация возобновляет отправку обычного количества оперативников на стандартные миссии. Оперативное ситуационное восприятие поддерживается на ожидаемом уровне.",,
VOID_OMEN_REMOVAL_TEXT_8,Text,,"The heightened diplomatic tensions among factions have dissipated. Intelligence gathered from New Jericho, Disciples of Anu, and Synedrion indicates the conclusion of enhanced security protocols and increased scrutiny of outside contacts. The factions return to standard diplomatic postures, while the temporary doubling of research efforts by factions has concluded.",,,,,,"Повышенные дипломатические напряжения между фракциями разрешились. Сведения, полученные из Нового Иерихона, от Последователей Ану и Синедриона, указывают на завершение усиленных протоколов безопасности и увеличение контроля над внешними контактами. Фракции возвращаются к стандартным дипломатическим позициям, в то время как временное удвоение усилий в области исследований фракций завершилось.",,
VOID_OMEN_REMOVAL_TEXT_9,Text,,"The heightened frequency of Pandoran concentrations near havens, leading to increased attacks, has subsided. The organization returns to a phase of relative respite from the escalated aggression witnessed against the remaining centers of population. Vigilance, however, remains paramount.",,,,,,"Увеличенная частота концентрации пандоранов вблизи убежищ, приводящая к увеличению нападений, утихла. Организация возвращается к фазе относительного умиротворения после эскалации агрессии, наблюдаемой против оставшихся центров населения. Однако бдительность остается приоритетной.",,
VOID_OMEN_REMOVAL_TEXT_10,Text,,"The period marked by stronger than expected effects of Mist exposure has concluded. Our operatives, who previously exhibited symptoms resembling myalgic encephalitis or chronic fatigue syndrome, have undergone a transition. ",,,,,,"Период, отмеченный более сильными, чем ожидалось, эффектами воздействия тумана, завершен. Наши оперативники, ранее проявлявшие симптомы, напоминающие миалгический энцефалит или синдром хронической усталости, перешли через переходный период.",,
VOID_OMEN_REMOVAL_TEXT_11,Text,,"The departure from established behavioral patterns exhibited by Behemoth entities concludes, restoring conventional expectations of their sub-surface duration. The previously elevated disruption threshold, indicative of prolonged above-surface activity, reverts to its customary parameters.",,,,,,"Отступление от установленных поведенческих шаблонов, проявленное Бегемотом, завершается, восстанавливая обычные ожидания их подводной длительности. Ранее повышенный порог нарушений, указывающий на продолжительную деятельность на суше, возвращается к обычным параметрам.",,
VOID_OMEN_REMOVAL_TEXT_12,Text,,"The surge in Pandoran forces involved in attacks against havens concludes, marking a return to standard levels of engagement. The speculated strategy of overwhelming haven defenses through brute force diminishes, and the havens resume facing challenges within customary parameters.",,,,,,"Всплеск сил Пандоры, участвующих в атаках на убежища, завершается, что свидетельствует о возвращении к стандартным уровням взаимодействия. Предполагаемая стратегия преодоления обороны убежищ силой падает в цене, и убежища снова сталкиваются с вызовами в рамках обычных параметров.",,
VOID_OMEN_REMOVAL_TEXT_13,Text,,"The accelerated pace of Pandoran colony construction has abated. The construction operations return to their customary tempo, offering a brief reprieve in the intensity and number of new colonies established.",,,,,,Ускоренный темп строительства колоний пандоранами замедлился. Строительные операции возвращаются к обычному ритму.,,
VOID_OMEN_REMOVAL_TEXT_14,Text,,"The unexplainable shortcomings in situational awareness during combat operations, linked to a species-wide perception-reducing effect, have dissipated. Our understanding of the unknown neurological condition remains limited, but operational perception is restored to previous baseline level.",,,,,,"Необъяснимые недостатки в ситуационном восприятии во время боевых действий, связанные с эффектом снижения восприятия на уровне всего вида, исчезли. Наше понимание неизвестного неврологического состояния остается ограниченным, но оперативное восприятие восстановлено до предыдущего базового уровня.",,
VOID_OMEN_REMOVAL_TEXT_15,Text,,Reports of encounters with psycho-paranormal phenomena have subsided to previously customary levels. Ongoing psyche evaluations of operatives are maintained for comprehensive assessment.,,,,,,Отчеты о встречах с психо-паранормальными явлениями снизились до привычных уровней. Проводятся постоянные психологические оценки оперативников для комплексной оценки.,,
VOID_OMEN_REMOVAL_TEXT_16,Text,,Reports of psycho-paranormal phenomena manifesting in areas devoid of Mist have subsided. Operational vigilance remains a priority.,,,,,,"Сообщения о психо-паранормальных явлениях, проявляющихся в районах, свободных от Тумана, утихли. Оперативная бдительность остается приоритетом.",,
VOID_OMEN_REMOVAL_TEXT_17,Text,,"The anomalous fate befalling havens destroyed by Pandorans, particularly in areas enveloped by Mist, undergoes diminution to previously observed standards.",,,,,,"Аномальная участь, постигающая укрытия, разрушенные Пандоранами, особенно в областях, окутанных Туманом, подвергается снижению до ранее наблюдаемых стандартов.",,
VOID_OMEN_REMOVAL_TEXT_18,Text,,"The heightened defense capabilities of havens, facilitated by increased factional mobilization, have stabilized. Simultaneously, the reduced dependence on external assistance, notably from the Phoenix Project, concludes.",,,,,,"Повышенные оборонные возможности убежищ, облегченные увеличением фракционной мобилизации, стабилизировались. Одновременно сокращение зависимости от внешней помощи, в частности от Проекта Феникс, завершается.",,
VOID_OMEN_REMOVAL_TEXT_19,Text,,"The unsettling phenomenon of Pandorans gaining adaptive resistance to our tactics and war doctrine has abated. Based on recent operational debriefings, it appears that the Pandorans' seemingly intelligent adaptation to our strategies has concluded. Our associates at the Bazaar claim that they are unable to sustain provision of goods and services at reduced prices.",,,,,,"Беспокоящее явление приобретения Пандоранами адаптивной устойчивости к нашим тактикам и военной доктрине утихло. Исходя из недавних оперативных дебрифингов, кажется, что кажущаяся интеллектуальная адаптация пандоранов к нашим стратегиям завершилась. Наши партнеры на Базаре утверждают, что они не в состоянии поддерживать предоставление товаров и услуг по сниженным ценам.",,
VOID_OMEN_DESCRIPTION_TEXT_EXTRA_HELENA_5,Text,,"<i>""Belief in extravagant conspiracy theories, attributing supreme power of manipulation and nefarious purpose to an ethnic group or some other collective, was a hallmark of our pre-collapse civilization. Some things I wish we could put under the ground and never dig up.""</i>",,,,,,"""Вера в экстравагантные теории заговора, приписывание высшей силы манипуляции и зловредной цели этнической группе или какому-то другому коллективу были отличительными чертами нашей цивилизации до краха. Некоторые вещи, которые я бы хотел, чтобы мы могли закопать и больше никогда не выкапывать.""",,
VOID_OMEN_DESCRIPTION_TEXT_EXTRA_HELENA_6,Text,,"<i>""Have we always been in this race? Also those that had called Earth their home before us?""</i>",,,,,,"""Мы всегда участвовали в этой гонке? Те, кто называл Землю своим домом до нас?""",,
VOID_OMEN_INTRO,Text,,"We believe we are observing the first effects of the Oneiric Delirium on a collective scale. The phenomenon is akin to mass hysteria.

Synedrion psycho-sociologists are rationalizing the documented instances of widespread psychosis as the result of stresses to which our communities are subjected when our species is facing the possibility of extinction.

However, the global scale and eerie thematic homogeneity of these events suggests a different causal relationship.

Given what we know about the Oneiric Delirium and its connection to the Mist, there is little room for doubt: our collective psyche has become another battleground in our struggle with the Pandoravirus.",,"Nous pensons que nous observons les premiers effets du délire onirique à l'échelle collective. Le phénomène s'apparente à une hystérie de masse.

Les psychosociologues de Synedrion rationalisent les cas documentés de psychose généralisée comme étant le résultat du stress auquel nos communautés sont soumises lorsque notre espèce est confrontée à la possibilité d'extinction.

Cependant, l'échelle mondiale et l'étrange homogénéité thématique de ces événements suggèrent une relation causale différente.

Compte tenu de ce que nous savons du délire onirique et de son lien avec la Brume, le doute n'est plus permis : notre psyché collective est devenue un autre champ de bataille dans notre lutte contre le pandoravirus.",,,,"Мы считаем, что мы наблюдаем первые эффекты Онейрического Делириума на коллективном уровне. Феномен сходен с массовой истерией.

Психо-социологи Синедриона рационализируют задокументированные случаи массовой психозы как результат стрессов, которым подвергаются наши общины, когда наш вид сталкивается с возможностью вымирания.

Однако глобальный масштаб и странная тематическая однородность этих событий указывают на другую причинно-следственную связь.

Учитывая то, что мы знаем об Онейрическом Делириуме и его связи с Туманом, мало места для сомнений: наш коллективный психоз стал еще одним полем битвы в нашей борьбе с Пандоравирусом.",,
VOID_OMEN_INTRO_TITLE,Text,,Omens of the Void,,Les présages du vide,,,,Знамения Пустоты,,
SDI_01_TEXT_GENERAL_0,Text,,"We are ready to share our preliminary findings regarding the new Pandoravirus outbreak.

The viral mist is an extremely unusual phenomenon. It is in fact a highly complex aerosol, capable of moving with deliberation and transporting viral DNA and other microbes.

It is our belief that the vast waves of mist that helped cause the destruction of civilization were generated underwater by gigantic, mutated structures. Each wave, including the current one (referred to by the population as the Third Mist), has slightly different properties.
",,,,,,"Мы готовы поделиться нашими предварительными выводами относительно нового вспышки вируса Пандоравирус.

Вирусный туман - это чрезвычайно необычное явление. Это, фактически, высоко сложный аэрозоль, способный передвигаться с умыслом и переносить вирусную ДНК и другие микроорганизмы.

Мы считаем, что огромные волны тумана, способствовавшие разрушению цивилизации, были сгенерированы под водой гигантскими мутировавшими структурами. Каждая волна, включая текущую (называемую населением Третьим Туманом), имеет немного различные свойства.",,
SDI1_OUTCOME,Text,,"We have received reports of a variety of afflictions suffered by individuals who have traveled or reside in areas covered by the mist: tiredness, lack of energy, brain fog, anguish, and sometimes hallucinations.

So far we can conclude the following:

1) Symptoms never fully disappear, but are negligible when the subjects are fully rested, and progressively become worse as they exert themselves.
2) Symptoms get worse if the subject stays or returns to locations where mist is present.

We have termed this condition ""Oneiric Delirium"", on account of the subjects complaining of nightmares, or ""crazy dreams"", with similar themes of monstrous degeneration and smothering.

<color=#ec9006><b>Our operatives can now be afflicted with a Delirium status of up to a third of their Willpower</b></color>",,,,,,"Мы получили сообщения о различных недугах, от которых страдают люди, путешествующие или проживающие в районах, покрытых туманом: усталость, отсутствие энергии, мозговая дымка, страдания и иногда галлюцинации.

Пока мы можем сделать следующие выводы:

1) Симптомы никогда полностью не исчезают, но они незначительны, когда испытуемые полностью отдохнули, и постепенно усиливаются, когда они перенапрягают себя.
2) Симптомы усиливаются, если испытуемый остается или возвращается на места, где присутствует туман.

Мы назвали это состояние ""Онейрическим Делириумом"" из-за жалоб испытуемых на кошмары или ""сумасшедшие сны"" с похожими темами чудовищного ухудшения и удушья.

<color=#ec9006><b>Наши оперативники теперь могут быть поражены статусом Делирия до трети своей Силы Воли</b></color>",,
SDI_01_TITLE,Text,,The Third Mist,,,,,,Третий Туман,,
SDI6_OUTCOME,Text,,"The Oneiric Delirium grows stronger.

<color=#e8bcf0><b>Our operatives can now be afflicted with a Delirium status of up to half of their Willpower</b></color>",,,,,,"Онейрический Делириум становится сильнее.

<color=#e8bcf0><b>Наши оперативники теперь могут быть поражены состоянием Делириума до половины своей Силы Воли</b></color>",,
SDI7_OUTCOME,Text,,<color=#e8bcf0><b>Havens in the Mist can become infested instead of destroyed when attacked by Pandorans. Infested havens accelerate Pandoran evolution.</b></color>,,,,,,<color=#e8bcf0><b>Убежища в Тумане могут быть заражены вместо уничтожения при атаке пандоранами. Зараженные убежища ускоряют эволюцию пандоранов.</b></color>,,
SDI09_OUTCOME,Text,,<color=#e8bcf0><b>The Umbra grow in strength</b></color>,,,,,,<color=#e8bcf0><b>Тени усиливаются</b></color>,,
SDI10_OUTCOME,Text,,"The Oneiric Delirium grows stronger.

<color=#e8bcf0><b>Our operatives can now be afflicted with a Delirium status equal to their Willpower</b></color>",,,,,,"Одержимость Онейрическим Делириумом становится сильнее.

<color=#e8bcf0><b>Наши оперативники теперь могут быть поражены статусом Делириума, равным их Силе Воли</b></color>",,
SDI11_OUTCOME,Text,,<b> Berith are coming! </b>,,,,,,<b>Бериты идут!</b>,,
KEY_VOID_OMEN_NEW,Text,,NEW:,,,,,,НОВЫЙ:,,
KEY_VOID_OMEN_LUCKY_ROLL,Text,,"""Can you feel it? The weight lifting off your chest? These days we are lucky if we get any respite at all."" - Alistair Ashby",,,,,,"""Вы чувствуете это? Вес, поднимающийся с вашей груди? В наши дни мы счастливы, если вообще получаем хоть какое-то облегчение."" - Алистер Эшби",,
KEY_VOID_OMEN_REMOVED_TEXT0,Text,,REMOVED:,,,,,,УДАЛЕНО:,,
KEY_VOID_OMEN_REMOVED_TEXT1,Text,,passed over.,,,,,,пройдено.,,
KEY_VOID_OMEN_REMOVED0,Text,,You destroyed a Pandoran Colony!,,,,,,Вы уничтожили колонию пандоранов!,,
KEY_VOID_OMEN_REMOVED1,Text,,The odds are in your favor!,,,,,,Шансы на вашей стороне!,,
KEY_VOID_OMEN_REMOVED2,Text,,replaced by new Void Omen.,,,,,,заменено на новое Предзнаменование Пустоты.,,
KEY_ODPIA_TEXT,Text,,Oneiric Delirium Psychosocial Impact Assessment,,,,,," "Оценка психосоциального воздействия Онейрического Делириума" ",,
KEY_EXCREPT,Text,,Excerpt from,,,,,,Отрывок из,,
KEY_EXECUTIVE_SUMMARY,Text,,Executive Summary,,,,,,Итоговый отчет,,