Key,Type,Desc,English,Chinese (Simplified),French,German,Italian,Polish,Russian,Spanish,UI_Tester
KEY_DLC3_MOUNTEGG_NAME,Text,,HAMMERFALL CRATER,,,,,,КРАТЕР ХАММЕРФОЛЛ,,
KEY_DLC3_THE_GIFT,Text,,AURORA,,,,,,АВРОРА,,
KEY_MARKETPLACE_HAVEN_ADDITIONAL_HEADER,Text,,The Bazaar,,Le Bazar,,,,Базар,,
KEY_MARKETPLACE_DESCRIPTION_1,Text,not used,"The leader of the haven, Sol ""Maker"" Markus, is fascinated by the esoteric and the occult. He has requested that we retrieve a Drop-Ka stone that he has located in a Pre-War collection. ",,"Le chef du refuge, Sol ""Maker"" Markus, est fasciné par l’ésotérique et l’occulte. Il a demandé que nous récupérions une pierre Drop-Ka qu’il a localisée dans une collection d’avant-guerre. ",,,,"Лидер убежища, Сол Мейкер Маркус, увлекается эзотерикой и оккультизмом. Он попросил нас достать камень Дроп-Ка, который он нашел в довоенной коллекции. ",,
KEY_MARKETPLACE_DESCRIPTION_2,Text,not used,Sol is happy and reminds us to do as we are told if we want to receive further blessings,,"Sol est heureux et nous rappelle de faire ce qu’on nous dit, si nous voulons recevoir d’autres bénédictions",,,,"Сол счастлив и напоминает нам, что нужно делать то, что нам говорят, если мы хотим получить дальнейшие благословения",,
KEY_MARKETPLACE_DESCRIPTION_3,Text,not used,Sol has received the Bionics tech. He hints that Subject 24 should be destroyed.,,Sol a reçu la technologie bionique. Il suggère que le sujet 24 devrait être détruit.,,,,"Сол получил технологию бионики. Он намекает, что Подопытный №24 должен быть уничтожен.",,
KEY_MARKETPLACE_DESCRIPTION_4,Text,not used,Sol is happy because we destroyed the fortress,,Sol est heureux parce que nous avons détruit la forteresse,,,,"Сол счастлив, потому что мы разрушили крепость.",,
KEY_MARKETPLACE_DESCRIPTION_5,Text,,Enjoy the sights and pungent smells! ,,Profitez des vues et des odeurs piquantes !,,,,Наслаждайтесь видами и резкими запахами!,,
DLC5/KEY_MARKETPLACE_HAVEN_HEADER,Text,,BAZAAR HAVEN,,REFUGE DU BAZAR,,,,БАЗАР УБЕЖИЩЕ,,
DLC5/KEY_KAOS_SYNDICATE,Text,,The Bazaar,,Le Bazar,,,,БАЗАР,,
DLC5/KEY_MARKETPLACE_ACCEPT_MISSION,Text,not used,ACCEPT ,,ACCEPTER,,,,ПРИНЯТЬ,,
DLC5/KEY_MARKETPLACE_LOCATE_MISSION,Text,not used,DO NOT TRY SOL'S PATIENCE,,NE JOUER PAS AVEC LA PATIENCE DE SOL,,,,НЕ ИСПЫТЫВАЙТЕ ТЕРПЕНИЕ СОЛА,,
DLC5/KEY_MARKETPLACE_MISSION_AVAILABLE,Text,not used,NEW MISSION AVAILABLE,,NOUVELLE MISSION DISPONIBLE,,,,НОВАЯ МИССИЯ ДОСТУПНА,,
DLC5/KEY_MARKETPLACE_MISSION_IN_PROGRESS,Text,not used,DO AS SOL COMMANDS,,FAITES CE QUE SOL VOUS DEMANDE,,,,ВЫПОЛНЯЙТЕ ПРИКАЗЫ СОЛА,,
DLC5/KEY_MARKETPLACE_NO_MISSIONS,Text,not used,SOL IS PLEASED,,SOL EST SATISFAIT,,,,СОЛ УДОВЛЕТВОРЕН,,
KEY_MISSION_HAVEN_INFESTED_VICTORY_NAME,Text,,MISSION COMPLETE,,,,,,МИССИЯ ВЫПОЛНЕНА,,
KEY_MISSION_HAVEN_INFESTED_VICTORY_DESCRIPTION,Text,,NODE DESTROYED,,,,,,УБЕЖИЩЕ УНИЧТОЖЕННО,,
KEY_MISSION_HAVEN_INFESTED_DEFEAT_DESCRIPTION,Text,,Infestation remains.,,L'infestation demeure.,,,,Заражение сохраняется.,,
KEY_GEOSCAPE_HAVEN_INFESTED,Text,,"A haven in the Mist, has succumbed to Pandoran infestation!",,"Un refuge dans la brume, a succombé à l'infestation pandorienne !",,,,"Убежище в тумане стало жертвой пандоранского нашествия!",,
KEY_MISSION_HAVEN_INFESTED_NAME,Text,,INFESTED HAVEN,,REFUGE INFESTE,,,,ЗАРАЖННОЕ УБЕЖИЩЕ,,
KEY_MISSION_HAVEN_INFESTED_DESCRIPTION,Text,,Cleanse the infestation,,Nettoyer l'infestation,,,,Очистите место заражения,,
DLC2 Necronomicon/KEY_EXCAVATE_POPUP_BUTTON,Text,,EXPLORE,,,,,,ИССЛЕДУЙТЕ,,
DLC2 Necronomicon/KEY_EXCAVATE_POPUP_DESCRIPTION,Text,,"The valley below is lush, almost primordial. Nature or the old Earth, untarnished by the Pandoravirus. Places like these can still be found on the planet; less than 20 years ago they were covered by water or sediment. The Earth was transformed, washed, dried, swept away, bringing back to sight and life a world hidden a long, long time ago.",,,,,,"Долина внизу - пышная, почти первозданная. Природа или старая Земля, незапятнанная Пандоравирусом. Такие места еще можно найти на планете; менее 20 лет назад они были покрыты водой или осадочными породами. Земля преобразилась, была вымыта, высушена, сметена, вернув к жизни и виду мир, скрытый очень и очень давно.",,
DLC2 Necronomicon/KEY_EXCAVATE_POPUP_LISTCOSTS,Text,,We will release a number of short-range drones to map the area and locate the ancient ruins,,,,,,"Мы выпустим несколько дронов ближнего радиуса действия, чтобы составить карту местности и обнаружить древние руины.",,
KEY_GEO_ABILITY_EXCAVATE_SITE_NAME,Text,,EXPLORE,,,,,,ИССЛЕДУЙТЕ,,
KEY_FACTION_ANCIENTS,Text,,Ancient Automata,,,,,,Древние машины,,
KEY_GEO_ABILITY_EXCAVATE_SITE_DESCRIPTION,Text,,Find the ancient ruins,,,,,,Отыщите древние руины,,
DLC2 Necronomicon/KEY_EXCAVATE_POPUP_NAME,Text,,MAP THE GREEN,,,,,,СОСТАВЬТЕ КАРТУ ЗЕЛЕНИ,,
KEY_AC_METAINFO_HARVEST,Text,,Explore to uncover the secrets of the Ancients,,,,,,Исследуйте, чтобы раскрыть секреты древних,,
KEY_AC_METAINFO_REFINERY,Text,,Explore to uncover the secrets of the Ancients,,,,,,Исследуйте, чтобы раскрыть секреты древних,,
KEY_AC_PROTEAN_HARVEST,Text,,ANCIENT RUINS,,,,,,ДРЕВНИЕ РУИНЫ,,
KEY_AC_PROTEAN_REFINERY,Text,,ANCIENT RUINS,,,,,,ДРЕВНИЕ РУИНЫ,,
KEY_AC_ORICHALCUM_HARVEST,Text,,ANCIENT RUINS,,,,,,ДРЕВНИЕ РУИНЫ,,
KEY_AC_ORICHALCUM_REFINERY,Text,,ANCIENT RUINS,,,,,,ДРЕВНИЕ РУИНЫ,,
KEY_AC_CRYSTAL_HARVEST,Text,,ANCIENT RUINS,,,,,,ДРЕВНИЕ РУИНЫ,,
KEY_AC_CRYSTAL_REFINERY,Text,,ANCIENT RUINS,,,,,,ДРЕВНИЕ РУИНЫ,,
KEY_DEPLOYGUARDIAN_POPUP_BUTTON,Text,,REACTIVATE BROKEN CYCLOPS,,,,,,ВОССТАНОВИТЬ СЛОМАННОГО ЦИКЛОПА,,
KEY_DEPLOYGUARDIAN_POPUP_DESCRIPTION,Text,,Reactivate a broken cyclops to access its memory and learn what really happened to the Ancients,,,,,,"Активируйте сломанного циклопа, чтобы получить доступ к его памяти и узнать что на самом деле произошло с Древними",,
KEY_DEPLOYGUARDIAN_POPUP_LISTCOSTS,Text,,COST OF REPAIRS,,,,,,СТОИМОСТЬ РЕМОНТА,,
KEY_DEPLOYGUARDIAN_POPUP_NAME,Text,,REACTIVATE BROKEN CYCLOPS,,,,,,ВОССТАНОВИТЬ СЛОМАННОГО ЦИКЛОПА,,
KEY_GEO_ANCIENT_GUARDIAN_GUARD_DESCRIPTION,Text,,Reactivate a broken cyclops to access its memory and learn what really happened to the Ancients,,,,,,"Активируйте сломанного циклопа, чтобы получить доступ к его памяти и узнать что на самом деле произошло с Древними",,
KEY_GEO_ANCIENT_GUARDIAN_GUARD_NAME,Text,,REACTIVATE BROKEN CYCLOPS,,,,,,ВОССТАНОВИТЬ СЛОМАННОГО ЦИКЛОПА,,
KEY_MESSAGE_MISSING_REFINERY,Text,,YOU HAVE NOT RESEARCHED ALL THE REQUIRED TECHNOLOGIES,,,,,,ВЫ НЕ ИЗУЧИЛИ ВСЕ НЕОБХОДИМЫЕ ТЕХНОЛОГИИ,,
KEY_AC_PROTEAN_HARVEST_AFTER_REVEAL,Text,,PROTEAN MUTANE SITE,,,,,,ПРОТЕАН МУТАНОВОЕ МЕСТОРОЖДЕНИЕ,,
KEY_AC_PROTEAN_REFINERY_AFTER_REVEAL,Text,,PROTEAN MUTANE SITE,,,,,,ПРОТЕАН МУТАНОВОЕ МЕСТОРОЖДЕНИЕ,,
KEY_AC_ORICHALCUM_HARVEST_AFTER_REVEAL,Text,,ORICHALCUM SITE,,,,,,ОРИХАЛКОВОЕ МЕСТОРОЖДЕНИЕ,,
KEY_AC_ORICHALCUM_REFINERY_AFTER_REVEAL,Text,,ORICHALCUM SITE,,,,,,ОРИХАЛКОВОЕ МЕСТОРОЖДЕНИЕ,,
KEY_AC_CRYSTAL_HARVEST_AFTER_REVEAL,Text,,LIVING CRYSTAL SITE,,,,,,МЕСТОРОЖДЕНИЕ ЖИВОГО КРИСТАЛЛА,,
KEY_AC_CRYSTAL_REFINERY_AFTER_REVEAL,Text,,LIVING CRYSTAL SITE,,,,,,МЕСТОРОЖДЕНИЕ ЖИВОГО КРИСТАЛЛА,,
KEY_AC_TOP_LIVINGCRYSTAL,Text,,LIVING CRYSTAL,,,,,,ЖИВОЙ КРИСТАЛЛ,,
KEY_AC_TOP_ORICHALCUM,Text,,ORICHALCUM,,,,,,ОРИХАЛК,,
KEY_AC_TOP_PROTEANMUTANE,Text,,PROTEAN MUTANE,,,,,,ПРОТЕАН МУТАН,,
BUILD_CYCLOPS_OBJECTIVE,Text,,Reactivate a Cyclops at one of the Ancient Sites under your control,,,,,,"Активируйте циклопа на одном из Древних мест под вашим контролем",,
OBTAIN_LC_OBJECTIVE,Text,,Obtain a Living Crystal sample,,,,,,Получите образец живого кристалла,,
OBTAIN_PM_OBJECTIVE,Text,,Obtain a Protean Mutane sample,,,,,,Получите образец живого кристалла,,
PROTECT_THE_CYCLOPS_OBJECTIVE_GEO_TITLE,Text,,Protect the Cyclops from the Pandoran attack,,,,,,Защитите циклопов от нападения пандоранов,,
DELIRIUM_STAMINA_TOOLTIP,Text,,Character's current Stamina is reducing the effects of Delirium on Willpower by,,,,,,"Текущая Выносливость персонажа снижает влияние Делириума на Силу воли на",,
BASEDEFENSE_BRIEFING_OBJECTIVES_SIMPLE,Text,,Scatter the attackers.,,,,,,Рассеивайте нападающих.,,
BASEDEFENSE_BRIEFING_OBJECTIVES_DOUBLE,Text,,Destroy all Pandoran structures and scatter the remaining attackers. ,,,,,,Уничтожьте все постройки пандоранов и распугайте оставшихся нападающих.,,
BASEDEFENSE_BRIEFING_TACTICALADVANTAGE,Text,,"If we take the attackers on now, we can take optimal defensive positions. The mission gets harder over time. If we fail, we lose control of the base.",,,,,,"Если мы перебьем нападающих сейчас, то сможем занять оптимальные оборонительные позиции. Со временем миссия усложняется. Если мы потерпим неудачу, то потеряем контроль над базой.",,
BASEDEFENSE_BRIEFING_NESTING,Text,,"The enemy has breached our defenses and has spread throughout the base. It can yet get worse. If we fail, we lose control of the base.",,,,,,"Враг прорвал нашу оборону и распространился по всей базе. Ситуация может ухудшиться. Если мы потерпим неудачу, то потеряем контроль над базой.",,
BASEDEFENSE_BRIEFING_INFESTATION,Text,,"Security footage shows the Pandorans have almost taken over the base. If we fail, we lose control of the base.",,,,,,"Судя по записям камер наблюдения, пандораны почти захватили базу. Если мы потерпим неудачу, то потеряем контроль над базой.",,
DLC4 Hypnos/KEY_BRIEFING_INFECTED_AREA,Text,,DELIRIUM AREA,,ZONE DE DELIRIUM,,,,ОБЛАСТЬ ЗАРАЖЕНИЯ ДЕЛИРИУМОМ,,
DLC4 Hypnos/KEY_CURE_CORRUPTION_DIALOG_BOTTOM,Text,,Warning! Treating Delirium using mutagens is an experimental procedure. Severe side effects should be expected.,,Attention ! Le traitement du délire par des mutagènes est une procédure expérimentale. Il faut s'attendre à des effets secondaires graves.,,,,"Внимание! Лечение делирия с помощью мутагенов является экспериментальной процедурой. Следует ожидать серьезных побочных эффектов. Лечение делирия с помощью мутагенов является экспериментальной процедурой. Следует ожидать серьезных побочных эффектов.",,
KEY_CURE_CORRUPTION_DIALOG_DESCRIPTION,Text,,Your soldier has {0}% Delirium damage.,,Votre soldat subit {0}% de dégâts de délire.,,,,Ваш солдат получает {0}% урона от Делириума.,,
DLC4 Hypnos/KEY_CURE_CORRUPTION_DIALOG_TITLE,Text,,EXPERIMENTAL TREATMENT,,TRAITEMENT EXPÉRIMENTAL,,,,ЭКСПЕРИМЕНТАЛЬНОЕ ЛЕЧЕНИЕ,,
KEY_ROSTER_DEATH_CORRUPTED,Text,,DELIRIUM,,DELIRIUM,,,,ДЕЛИРИУМ,,
DLC4 Hypnos/KEY_ROSTER_DEATH_CORRUPTED,Text,,DELIRIUM,,,,,,ДЕЛИРИУМ,,
EXTENDED_AGENDA_KEY_UNEXPLORED_SITE,Text,,UNEXPLORED SITE,,,,,,НЕИССЛЕДОВАННОЕ МЕСТО,,
EXTENDED_AGENDA_KEY_EXPLORATION_SITE,Text,,EXPLORATION SITE,,,,,,МЕСТО РАЗВЕДКИ,,
EXTENDED_AGENDA_KEY_SCAVENGING_SITE,Text,,SCAVENGING SITE,,,,,,МЕСТО С РЕСУРСАМИ,,
EXTENDED_AGENDA_KEY_ANCIENT_SITE,Text,,ANCIENT SITE,,,,,,ДРЕВНЕЕ МЕСТО,,
EXTENDED_AGENDA_KEY_INVESTIGATES,Text,,INVESTIGATES,,,,,,ИНВЕСТИЦИИ,,
EXTENDED_AGENDA_KEY_TRAVELS_TO,Text,,TRAVELS TO,,,,,,ПУТЕШЕСТВИЯ В,,
EXTENDED_AGENDA_KEY_REPAIRING,Text,,REPAIRING:,,,,,,РЕМОНТ:,,
EXTENDED_AGENDA_KEY_EXCAVATING,Text,,EXCAVATING:,,,,,,РАСКОПКИ:,,
EXTENDED_AGENDA_KEY_SECURE,Text,,SECURE,,,,,,БЕЗОПАСНО,,
EXTENDED_AGENDA_KEY_WILL_ATTACK,Text,,WILL ATTACK:,,,,,,АТАКУЙТЕ:,,
EXTENDED_AGENDA_KEY_WILL_COMPLETE_ATTACK_ON,Text,,WILL COMPLETE ATTACK ON,,,,,,ЗАВЕРШИТ АТАКУ НА,,
KEY_DESTROYED_HAMMERFALL,Text,,was destroyed by Hammerfall!,,,,,,был уничтожен Хаммерфоллом!,,
KEY_HEAVY_DAMAGE_HAMMERFALL,Text,,suffered heavy damage from Harmmerfall!,,,,,,Получил тяжелые повреждения от падения Хаммерфолла!,,
KEY_DAMAGE_HAMMERFALL,Text,,suffered some damage from Hammerfall,,,,,,получил некоторые повреждения от Хаммерфолла,,
KEY_SOS_BROADCAST,Text,,"is broadcasting an SOS, they are under attack!",,,,,,"передает сигнал SOS, на них напали!",,
KEY_PANDORAN_MEAT_PROCESSING,Text,,<b>Processing Pandoran meat</b>,,,,,,<b>Переработка пандоранского мяса</b>,,
KEY_PANDORAN_MEAT_TO_PROCESS,Text,,-Meat to process:,,,,,,-Мясо для обработки:,,
KEY_PANDORAN_MEAT_STORAGE,Text,,-Max storage:,,,,,,-Максимальный объем хранения:,,
KEY_PANDORAN_MEAT_MAX_PROCESS,Text,,-Max processing per day:,,,,,,-Максимальная обработка в день:,,
KEY_EXTRACTING_MUTAGENS_TFTV,Text,,<b>Extracting mutagens from captured Pandorans</b>,,,,,,<b>Извлечение мутагенов из пленных пандоранов</b>,,
KEY_MUTAGENS_FROM_FACILITIES_TFTV,Text,,-Mutagens from facilities:,,,,,,-Мутагены из объектов:,,
KEY_MUTAGENS_FROM_PANDORANS_TFTV,Text,,-Mutagens from Pandorans:,,,,,,-Мутагены из пандоранов:,,
KEY_MAX_EXTRACTION_PER_DAY_TFTV,Text,,-Max extraction per day:,,,,,,-Максимальная добыча в день:,,
KEY_FOOD_PROCESSING_WARNING_TFTV,Text,,Food processing facilities storage capacity almost reached! Rendering this Pandoran for food will waste,,,,,,"Объем хранилищ пищевой промышленности почти достигнут! Переработка этого пандорана в пищу приведет к расточительству",,
KEY_DELIRIUM_PERK_PROMPT_CONNECTOR,Text,,is afflicted with,,,,,,страдает от,,
KEY_DELIRIUM_PERK_PROMPT_RULES,Text,,"as a result of the experimental mutagen treatment. The subject may overcome this condition as they continue to be deployed in the field. However, acquiring additional afflictions from this experimental treatment will reset any progress made in adjusting to this condition.",,,,,,"в результате экспериментального лечения мутагеном. Субъект может преодолеть это состояние по мере того, как он будет продолжать работать в полевых условиях. Однако приобретение дополнительных заболеваний в результате экспериментального лечения сведет на нет все успехи, достигнутые в адаптации к этому состоянию.",,
KEY_DELIRIUM_PERK_PROMPT_NO_PERK,Text,,"did not suffer any lasting side effects, but had to be heavily sedated.


<i>STAMINA reduced to zero</i>",,,,,,"не испытал никаких длительных побочных эффектов, но ему пришлось принять сильное успокоительное.


<i>СТАМИНА снижена до нуля</i>",,
KEY_DELIRIUM_PERK_RECOVERY,Text,,has fully recovered from the effects caused by the experimental Delirium Treatment!,,,,,,полностью оправился от последствий экспериментального лечения Делириума!,,
KEY_LOG_ENTRY_SUCCUMB_INFESTATION,Text,,has succumbed to Pandoran infestation!,,,,,,поддался нашествию пандоранов!,,
KEY_INFESTATION_AROUND,Text,,Around,,,,,,Вокруг,,
KEY_INFESTATION_FORTUNATE,Text,,of them were fortunate enough to survive and have relocated to friendly nearby havens.,,,,,,"Им посчастливилось выжить, и они перебрались в дружелюбные ближайшие убежища.",,
KEY_INFESTATION_MONSTROSITY,Text,,"We destroyed the monstrosity that had taken over the inhabitants of the haven, delivering them from a fate worse than death.",,,,,,"Мы уничтожили чудовище, захватившее обитателей убежища, избавив их от участи, худшей, чем смерть.",,
KEY_INFESTATION_NODE_DESTROYED_TITLE,Text,,NODE DESTOYED,,,,,,УБЕЖИЩЕ УНИЧТОЖЕННО,,
KEY_INFESTATION_SURVIVORS_FROM,Text,,survivors from,,,,,,выжившие из,,
KEY_INFESTATION_FLED_TO,Text,,have fled to,,,,,,бежали в,,
KEY_GRAMMAR_PRONOUNS_SHE,Text,,she,,,,,,она,,
KEY_GRAMMAR_PRONOUNS_HER,Text,,her,,,,,,ее,,
KEY_GRAMMAR_PRONOUNS_HE,Text,,he,,,,,,он,,
KEY_GRAMMAR_PRONOUNS_HIM,Text,,him,,,,,,ему,,
KEY_GRAMMAR_PRONOUNS_THEY,Text,,they,,,,,,они,,
KEY_GRAMMAR_PRONOUNS_THEM,Text,,them,,,,,,им,,
KEY_GRAMMAR_PLURAL_SUFFIX,Text,,s,,,,,,с,,
KEY_GRAMMAR_SINGLE_SUFFIX,Text,,,,,,,,,,
KEY_GRAMMAR_AND,Text,,and,,,,,,и,,
KEY_GRAMMAR_INDEFINITEARTICLE,Text,, a ,,,,,, a ,,
KEY_TEXT_PHOENIX_OPERATIVES,Text,,Phoenix operatives,,,,,,Оперативники Феникса,,
KEY_TEXT_DIRECTOR,Text,,Director,,,,,,Директор,,
KEY_UI_EDIT_SCREEN_TOGGLEHELMET_TIP,Text,,Toggles helmet visibility on/off.,,,,,,Включение/выключение видимости шлема,,
KEY_UI_EDIT_SCREEN_UNEQUIP_TIP,Text,,Unequips all the items currently equipped by the operative.,,,,,,"Снимает все предметы, которыми в данный момент экипирован оперативник.",,
KEY_UI_EDIT_SCREEN_SAVELOAD_TIP,Text,,Saves the current loadout of the operative.,,,,,,"Сохраняет текущую экипировку оперативника.",,
KEY_UI_EDIT_SCREEN_LOADLOAD_TIP,Text,,Loads the previously saved loadout for this operative.,,,,,,"Загружает ранее сохраненную экипировку для данного оперативника.",,
KEY_UI_DELIRIUM_EXPLANATION,Text,,Delirium is gained in Tactical missions. Current max Delirium is ,,,,,,Делирий можно получить в тактических миссиях. Текущее максимальное количество Делириума составляет,,
KEY_DELIRIUM_UI_MAX_TIP,Text,,-Our operatives can now be afflicted with a Delirium status equal to their Willpower,,,,,,-Наши оперативники теперь могут получить статус Делириума равный их силе воли.,,
KEY_DELIRIUM_UI_MED_TIP,Text,,-Our operatives can now be afflicted with a Delirium status of up to half of their Willpower,,,,,,-Наши оперативники теперь могут получить статус Делириума равный половине их силы воли.,,
KEY_DELIRIUM_UI_LOW_TIP,Text,,-Our operatives can now be afflicted with a Delirium status of up to a third of their Willpower,,,,,,-Наши оперативники теперь могут получить состояние Делириум равное трети их силы воли.,,
KEY_DELIRIUM_UI_VO_TIP,Text,,"-<i>No limit to Delirium, regardless of ODI level</i>  Void Omen is in effect.",,,,,,"-<i>Делирий не ограничен, независимо от уровня ODI</i>  Действует Знамение пустоты.",,
KEY_DELIRIUM_UI_EVOLVED_UMBRA_TIP,Text,,-Evolved Umbra sighted.,,,,,,-Возникшая Умбра замечена.,,
KEY_DELIRIUM_UI_UMBRA_TIP,Text,,-Sightings of Umbra have been reported.,,,,,,Сообщалось о встречах с Умброй.,,
KEY_DELIRIUM_UI_MIST_INFESTATION_TIP,Text,,-Havens in the Mist can become infested instead of destroyed when attacked by Pandorans. Infested havens accelerate Pandoran evolution.,,,,,,"-Убежища в тумане могут не разрушаться, а заражаться когда на них нападают пандораны. Так же зараженные убежища ускоряют эволюцию пандоранов.",,
KEY_DELIRIUM_UI_PANDORAN_EVO_TIP0,Text,,"Based on reports and field observations, we estimate that the Pandorans are evolving",,,,,,"Основываясь на отчетах и полевых наблюдениях, мы предполагаем, что пандораны эволюционируют",,
KEY_DELIRIUM_UI_PANDORAN_EVO_TIP1,Text,,<b>very rapidly</b>. We must destroy Pandoran Colonies and Infested Havens before we are overwhelmed!,,,,,,"<b>очень быстро</b>. Мы должны уничтожить пандоранские колонии и зараженные убежища, пока нас не перебили!",,
KEY_DELIRIUM_UI_PANDORAN_EVO_TIP2,Text,,<b>rapidly</b>. We must keep the number of Pandoran Colonies and Infested Havens in check.,,,,,,"<b>быстро</b>. Мы должны держать под контролем количество пандоранских колоний и зараженных убежищ.",,
KEY_DELIRIUM_UI_PANDORAN_EVO_TIP3,Text,,. We are monitoring the situation and will report any newly discovered Pandoran Colonies.,,,,,,". Мы следим за ситуацией и будем сообщать обо всех вновь обнаруженных пандоранских колониях.",,
KEY_UI_DIPLOMACY_TIP_ALLY_ALMOST,Text,,-You have postponed the third special mission offered by this faction (will be offered again at 74%).,,,,,,"-Вы отложили третье специальное задание, предлагаемое этой фракцией (будет предложено снова при достижении 74%).",,
KEY_UI_DIPLOMACY_TIP_ALIGNED_ALMOST,Text,,-You have postponed the second special mission offered by this faction (will be offered again at 49%).,,,,,,"-Вы отложили второе специальное задание, предложенное этой фракцией (будет предложено снова на 49%).",,
KEY_UI_DIPLOMACY_TIP_SUPPORTIVE_ALMOST,Text,,-You have postponed the first special mission offered by this faction (will be offered again at 24%).,,,,,,"-Вы отложили первое специальное задание, предлагаемое этой фракцией (будет предложено снова при 24%).",,
KEY_UI_DIPLOMACY_TIP_ALLY,Text,,-You have completed all the special missions for this faction; you have full access to their research tree.,,,,,,"-Вы выполнили все специальные миссии для этой фракции; у Вас есть полный доступ к их дереву исследований.",,
KEY_UI_DIPLOMACY_TIP_ALIGNED,Text,,-You have completed the second special mission for this faction; you will gain access to any technology researched by the faction.,,,,,,"-Вы выполнили второе специальное задание для этой фракции; Вы получите доступ ко всем технологиям, исследуемым этой фракцией.",,
KEY_UI_DIPLOMACY_TIP_SUPPORTIVE,Text,,-You have completed the first special misssion for this faction; all their havens have been revealed to you.,,,,,,"-Вы выполнили первую специальную миссию для этой фракции; все их убежища стали Вам известны.",,
KEY_UI_DIPLOMACY_TIP_POLY,Text,,"-Through Phoenix Project influence, the Polyphonic tendency is currently ascendant in Synedrion.",,,,,,"-По влиянию проекта Феникс, в Синедрион сейчас преобладает полифоническая тенденция.",,
KEY_UI_DIPLOMACY_TIP_TERRA,Text,,"-Through Phoenix Project influence, the Terraformers are currently ascendant in Synedrion.",,,,,,"-Под влиянием Проекта Феникс Терраформеры в настоящее время возвышаются на Синедрионе.",,
KEY_MARKETPLACE_NO_MISSIONS,Text,,GUNS & WHEELS & OTHER THINGS,,,,,,"ОРУЖИЕ, КОЛЕСА И ДРУГИЕ ВЕЩИ",,
KEY_SECRET_MARKETPLACE_TEXT0,Text,,"You buy much, you my favorite customer.",,,,,,"Вы много покупаете, Вы мой любимый покупатель.",,
KEY_SECRET_MARKETPLACE_TEXT1,Text,,"Be careful, my guns, sometimes they blow up. Maybe you like.",,,,,,"Будьте осторожны, мои пушки, иногда они взрываются. Может быть, Вам понравится.",,
KEY_SECRET_MARKETPLACE_TEXT2,Text,,"Now that we are friends, let's drop the pretense and the fake accent.",,,,,,"Теперь, когда мы стали друзьями, давай отбросим притворство и фальшивый акцент.",,
KEY_SECRET_MARKETPLACE_TEXT3,Text,,I'm trapped in this game. You have to get me out.,,,,,,Я в ловушке этой игры. Вы должны меня вытащить.,,
KEY_SECRET_MARKETPLACE_TEXT4,Text,,There are people out there who love me and miss me. ,,,,,,"Есть люди, которые любят меня и скучают по мне.",,
KEY_SECRET_MARKETPLACE_TEXT5,Text,,"You are my only hope, Obi-wan.",,,,,,"Ты - моя единственная надежда, Оби-ван.",,
KEY_SECRET_MARKETPLACE_TEXT6,Text,,Buy more things to get me out!,,,,,,"Покупайте больше вещей, чтобы вытащить меня!",,
KEY_SECRET_MARKETPLACE_TEXT7,Text,,One born every minute...,,,,,,Каждую минуту рождается один...,,
KEY_SECRET_MARKETPLACE_TEXT8,Text,,"I'm sorry, that was very rude of me. Buy something more to show me that you forgive me.",,,,,,"Простите, это было очень грубо с моей стороны. Купите еще что-нибудь, чтобы показать, что Вы меня простили.",,
KEY_SECRET_MARKETPLACE_TEXT9,Text,,"Okay, you can stop now.",,,,,,"Ладно, теперь можешь остановиться.",,
KEY_SECRET_MARKETPLACE_TEXT10,Text,,Your rampant consumerism sickens me.,,,,,,Меня тошнит от вашего безудержного потребительства.,,
KEY_SECRET_MARKETPLACE_TEXT11,Text,,"Seriously, do you really need that? DO YOU?",,,,,,"Серьезно, Вам это действительно нужно? А ВАМ?",,
KEY_SECRET_MARKETPLACE_TEXT12,Text,,"Think about the environment, these are non-recyclable casings!",,,,,,"Подумайте об окружающей среде, ведь эти гильзы не подлежат переработке!",,
KEY_SECRET_MARKETPLACE_TEXT13,Text,,"Nobody ever thinks about the planet. Well, I do.",,,,,,"Никто никогда не думает о планете. А я думаю.",,
KEY_SECRET_MARKETPLACE_TEXT14,Text,,I want to watch it burn. ,,,,,,"Я хочу посмотреть, как он горит. ",,
KEY_SECRET_MARKETPLACE_TEXT15,Text,,That's why this place looks so desert-y; I started here.,,,,,,"Вот почему это место выглядит таким пустынным: я начал здесь.",,
KEY_SECRET_MARKETPLACE_TEXT16,Text,,It's better to start changing the world right from where you are. More convenient.,,,,,,"Лучше начать менять мир прямо с того места, где Вы находитесь. Это удобнее.",,
KEY_SECRET_MARKETPLACE_TEXT17,Text,,Come see me after you save the world and I will pitch you my plans for it.  ,,,,,,"Приходи ко мне после того, как спасешь мир, и я расскажу тебе о своих планах на этот счет.",,
KEY_SECRET_MARKETPLACE_TEXT18,Text,,"Hint: Don't dismantle the flamethrowers. If you need the mats, raid a haven or something.",,,,,,"Совет: не разбирайте огнеметы. Если Вам нужны материалы, совершите набег на убежище или что-то в этом роде.",,
KEY_SECRET_MARKETPLACE_TEXT19,Text,,"YES, MY FRIEND, TOGETHER WE SHALL BRING KAOS THE WORLD! <i> (just like Saber Minsk intended with all the bugs in this DLC) </i>",,,,,,"ДА, МОЙ ДРУГ, ВМЕСТЕ МЫ ПРИНЕСЕМ КАОС В МИР! <i> (как и предполагал Saber Minsk со всеми ошибками в этом DLC) </i>",,
KEY_MARKETPLACE_NEW_STOCK,Text,,Marketplace has new stock! Come visit!,,,,,,На рынке появились новые поступления! Приходите в гости!,,
KEY_MARKETPLACE_SPECIAL_VEHICLES,Text,,Great prices on vehicles and equipment for them! ,,,,,,Отличные цены на автомобили и оборудование для них! ,,
KEY_MARKETPLACE_SPECIAL_WEAPONS,Text,,Personnel weapons special!,,,,,,Специальное оружие для персонала!,,
KEY_MARKETPLACE_SPECIAL_MERCENARY,Text,,A lot of mercs looking for work!,,,,,,Многие наемники ищут работу!,,
KEY_MARKETPLACE_SPECIAL_RESEARCH,Text,,Look at all the tech our spymasters brought!,,,,,,"Посмотрите, сколько техники привезли наши шпионы!",,
KEY_FACTION_SOLDIER_JOIN_CONFIRMATION,Text,,DO YOU WANT TO ALLOW THE SOLDIER TO JOIN US?,,,,,,ВЫ ХОТИТЕ РАЗРЕШИТЬ СОЛДАТУ ПРИСОЕДИНИТЬСЯ К НАМ?,,
DLC5/KEY_MARKETPLACE_UPDATE_DESCRIPTION,Text,,STOCK CHANGES EVERY THREE TO FOUR DAYS,,,,,,СМЕНА ЗАПАСОВ КАЖДЫЕ ТРИ-ЧЕТЫРЕ ДНЯ,,
KEY_DEPLOY_BASE_DEFENSE_TEXT,Text,,DEPLOY TO DEFEND BASE,,,,,,РАЗВЕРНУТЬ ДЛЯ ЗАЩИТЫ БАЗЫ,,
KEY_DEPLOY_BASE_DEFENSE_TIP,Text,,Deploy the operatives at the base under attack to defend it.,,,,,,"Разместите оперативников на атакуемой базе, чтобы защитить ее.",,
KEY_DAYS,Text,,days,,,,,,Дней,,
KEY_DAY,Text,,day,,,,,,День,,
KEY_MESSAGE_GEO_MISSION_WHILE_TRAVELLING,Text,,Can't launch mission while travelling.,,,,,,Невозможно начать миссию, пока отряд перемещается.,,
KEY_AMBUSH_SAT_SCAN_TEXT0,Text,,Satellite scans indicate increased presence of,,,,,,Спутниковая разведка указывает на присутствие скоплений,,
KEY_AMBUSH_SAT_SCAN_TEXT1,Text,,in the area,,,,,,в этой зоне,,
KEY_WARNING_STORAGE_EXCEEDED,Text,,You do not have enough space in storage for this operative's items! ,,,,,,У Вас недостаточно места для хранения предметов этого оперативника!,,
KEY_DEPLOYMENT_ZONE_TIP,Text,,Choose where or with which group to deploy the unit.,,,,,,Выберите, где, или с какой группой развернуть единицу.,,
KEY_VIVISECTION_WARNING,Text,,Are you sure? You have not vivisected this Pandoran yet.,,,,,,Вы уверены? Вы еще не препарировали этого пандорана.,,
KEY_CANT_DEMOLISH,Text,,"<b>Can't demolish this facility, as otherwise other facilities will be cut off from the base entrance!</b>",,,,,,"<b>Невозможно снести этот объект, иначе другие объекты будут отрезаны от входа на базу!</b>",,
KEY_MESSAGE_HAVEN_LEADER_DOESNT_TRADE,Text,,Diplomatic relations with the Haven are too low. The Haven leader refuses to trade with you.,,,,,,Отношения с жителями этого убежища слишком низкие для того, что бы Вы могли торговать с ними,,
KEY_BASE_PANDORAN_BASE_REVEALED_FAILED_DESCRIPTION,Text,,"Analysis of the Pandoran’s movement patterns have failed to identify their origin. The exact location of the Pandoran Colony responsible for the attack remains unknown. If a colony attacks from within Phoenix Base scanning range, there is a higher chance that it will be detected.",,,,,,"Анализ моделей передвижения пандоранов не смог определить их происхождение. Точное местонахождение Пандоранской колонии, ответственной за нападение, остается неизвестным. Если колония атакует из зоны сканирования базы Феникс, вероятность того, что она будет обнаружена, выше.",,
KEY_DLC3_INT_S1_P1,Text,,<color=#13c233>Eileen:</color> What the hell? This thing is huge!,,,,,,<color=#13c233>Эйлин:</color> Что за черт!? Эта хреновина огромная!,,
KEY_DLC3_INT_S1_P2,Text,,<color=#ec7762>Aurora:</color> HOSTILE DETECTED. COMBAT SOFTWARE SUITE MISSING.,,,,,,<color=#ec7762>Аврора:</color> ОБНАРУЖЕН ВРАГ. ОТСУТСТВУЕТ КОМПЛЕКТ БОЕВОГО ПРОГРАММНОГО ОБЕСПЕЧЕНИЯ.,,
KEY_DLC3_INT_S2_P1,Text,,"<color=#13c233>Eileen:</color> We are under fire! Sartorius, do something!",,,,,,"<color=#13c233>Эйлин:</color>На нас напали! Сарториус, сделай что-нибудь!",,
KEY_DLC3_INT_S2_P2,Text,,"<color=#ECBA62>Sartorius:</color> Eileen, my knowledge is not readily transferable. I need full system integration.

<color=#ec7762> Aurora:</color> MERGE WITH ME.

<color=#ECBA62>Sartorius:</color> It is the only way…",,,,,,"<color=#ECBA62>Сарториус:</color> Эйлин, мои знания защищены от простого трансфера. Мне нужна полная системная интеграция.

<color=#ec7762> Аврора:</color> СЛЕЙСЯ СО МНОЙ.

<color=#ECBA62>Сарториус:</color> Есть только один способ...",,
KEY_DLC3_INT_S2_P3,Text,,An aircraft is destroyed when its Hull Points drop to 0.,,,,,,Воздушное судно будет уничтожено, когда его запас прочности упадет до нуля,,
KEY_DLC3_INT_S2_P4,Text,,Make sure to Disengage before that happens!,,,,,,Выйдите из битвы до того как это произойдет!,,
KEY_DLC3_INT_S3_P1,Text,,"<color=#ec7762>Aurora:</color> YOU
<color=#ECBA62>Sartorius:</color> I
<color=#607c7d>Aurora Sartorius:</color> WE... ARE... ONE...
WEAPON systems READY. Nomad LAUNCHER operational.",,,,,,"<color=#ec7762>Аврора:</color> ТЫ
<color=#ECBA62>Сарториус:</color> Я
<color=#607c7d>Аврора Сарториус:</color> МЫ... ОДНО... ЦЕЛОЕ...
Системы вооружения ГОТОВЫ",,
KEY_DLC3_INT_S3_P2,Text,,<color=#607c7d>Aurora Sartorius:</color> FEEL OUR WRATH!,,,,,,<color=#607c7d>Аврора Сарториус:</color> ОТКРЫВАЮ ОГОНЬ,,
KEY_DLC3_INT_S3_P3_C,Text,,"To aim a weapon system, select your Weapon, then select the target icon.",,,,,,"Чтобы прицелиться, выберите свое оружие, затем выберите значок цели.",,
KEY_DLC3_INT_S3_P3_K,Text,,"To aim a weapon system left click your Weapon, then left-click the target icon.",,,,,,"Чтобы прицелиться, нажмите ЛКМ на оружии, затем нажмите ЛКМ на значке цели.",,
KEY_DLC3_INT_S4_P1,Text,,"Our aircraft has a defensive Module. The Afterburner makes us dodge any visually guided projectile, including the acid spit used by this Pandoran flyer.",,,,,,"Наше воздушное судно имеет оборонительный модуль. «Форсаж» позволяет нам уклоняться от любого снаряда с визуальным наведением, включая кислотный плевок, которым пользуется этот пандоран.",,
KEY_DLC3_INT_S4_P2,Text,,<color=#607c7d>Aurora Sartorius:</color> WE have INCOMING… engaging AFTERBURNER,,,,,,<color=#607c7d>Аврора Сарториус:</color> Обнаружена цель. Включаю форсаж.,,
KEY_DLC3_INT_S5_P1,Text,,Damage done to disabled Modules is transferred directly to the Hull.,,,,,,"Урон, наносимый отключенным модулям переносится непосредственно на общий запас прочности.",,
KEY_DLC3_INT_S5_P2,Text,,<color=#ECBA62>Eileen:</color> Finish it! Blow this fragging monster out of the sky!,,,,,,<color=#ECBA62>Эйлин:</color> Прикончи его! Сбрось эту тварь с неба!,,
KEY_DLC3_INT_S5_P3,Text,,<color=#607c7d> Aurora Sartorius:</color> Splash ONE!,,,,,,<color=#607c7d> Аврора Сарториус:</color> ЦЕЛЬ УНИЧТОЖЕНА,,
KEY_DLC3_INT_S6_P1,Text,,<color=#607c7d> Aurora Sartorius:</color> CODE RED! EMERGENCY DISENGAGE PROTOCOL ACTIVATED.,,,,,,<color=#607c7d> Аврора Сарториус:</color> КОД КРАСНЫЙ. ПРОТОКОЛ ЭКСТРЕННОГО ВЫХОДА ИЗ БОЯ АКТИВИРОВАН,,
KEY_DLC3_INT_S6_P2,Text,,"<color=#ECBA62>Eileen:</color> Thanks for sharing! Now go, go, go!",,,,,,"<color=#ECBA62>Эйлин:</color> Спасибо! А теперь вперед: пошли, пошли, пошли!",,
KEY_INFESTED_HAVEN_OBJECTIVE,Text,,Deploy a search and rescue team to the infested haven,,,,,,Отправьте поисково-спасательную команду в зараженное убежище.,,
KEY_SCRAP_AIRCRAFT,Text,,SCRAP AIRCRAFT,,,,,,УТИЛЛИЗИРОВАТЬ ВОЗДУШНОЕ СУДНО,,