Key,Type,Desc,English,Chinese (Simplified),French,German,Italian,Polish,Russian,Spanish,UI_Tester
KEY_FS_NJ_CRUISE_CONTROL_MODULE_DESCRIPTION,Text,,Provides +4 passenger slots and increases aircraft speed,,,,,,Добавляет 4 пассажирских места и увеличивает скорость полета.,,
KEY_FS_NJ_CRUISE_CONTROL_MODULE_NAME,Text,,Quick response passenger module,,,,,,Модуль быстрого реагирования,,
KEY_FS_NJ_FUEL_TANK_MODULE_DESCRIPTION,Text,,Provides +4 passenger slots and increases aircraft range,,,,,,Добавляет 4 пассажирских места и увеличивает дальность полета.,,
KEY_FS_NJ_FUEL_TANK_MODULE_NAME,Text,,Extended range passenger module,,,,,,Модуль увеличенной дальности полета,,
KEY_FS_PX_ESCAPE_PODS_MODULE_NAME,Text,,Scylla capture passenger module,,,,,,Модуль захвата Сциллы,,
KEY_FS_PX_ESCAPE_PODS_MODULE_DESCRIPTION,Text,,Provides +4 passenger slots and additional capture capabilities,,,,,,"Добавляет 4 пассажирских места и предоставляет дополнительные слоты для захвата и эвакуации пандоранов.",,
KEY_DLC3_GEOBONUS_RECUPERATION,Text,,"Allows capturing Scylla, + 3 capture slots",,,,,,"Три дополнительных слота для захвата, можно захватить Сциллу",,
KEY_DLC3_GEOBONUS_STAMINA,Text,,Onboard personnel recovers Stamina,,,,,,Персонал на борту восстанавливает выносливость.,,
KEY_FS_SYN_HYBERNATION_PODS_MODULE_DESCRIPTION,Text,,Provides +4 passenger slots and stamina recovery,,,,,,Добавляет 4 пассажирских места и постепенно восстанавливает выносливость.,,
KEY_FS_SYN_HYBERNATION_PODS_MODULE_NAME,Text,,FAR-M,,,,,,FAR-M,,
KEY_LIVING_MACHINE_GUN_DESCRIPTION,Text,,Poison Firing Living Machine Gun,,,,,,Ядовитый биопулемет,,
KEY_LIVING_MACHINE_GUN_NAME,Text,,Malachi MG,,,,,,Малахи МГ,,
KEY_LIVING_RIFLE_DESCRIPTION,Text,,Acid Firing Living Assault Rifle,,,,,,Кислотная биовинтовка,,
KEY_LIVING_RIFLE_NAME,Text,,Burner AR,,,,,,ШВ Поджигатель,,
KEY_BASE_FACILITY_FOOD_PRODUCTION_DESCRIPTION_TFTV,Text,,A food production facility that generates enough food for 8 soldiers each day. Allows rendering captured Pandorans for food after corresponding research.,,,,,,"Завод по производству продуктов питания, который ежедневно производит достаточно еды для 8 солдат. Позволяет перерабатывать захваченных пандоранов в пищу после соответствующего исследования.",,
KEY_BASE_FACILITY_MUTATION_LAB_DESCRIPTION_TFTV,Text,,"Allows soldiers to be mutated, and produces mutagens from captured Pandorans - the raw material for mutation.",,,,,,Позволяет солдатам приобретать мутации и производит мутагены из захваченных пандоранов - сырье для мутации.,,
KEY_BASE_FACILITY_ARCHEOLOGY_LAB_DESCRIPTION,Text,,The Archaeology Lab allows the construction of Archaeology Probes. You only need one Archaelogy Lab and there are no benefits to having more than that. Note that it does not generate regular research.,,,,,,"Лаборатория археологии позволяет строить археологические зонды. Вам нужна только одна лаборатория археологии, и нет никаких преимуществ от наличия более одной. Обратите внимание, что она не генерирует обычные исследования.",,
KEY_REPAIR_KIT_DESCRIPTION,Text,,Removes all negative status effects from target.,,,,,,Удаляет все негативные статусные эффекты с цели.,,
KEY_REPAIR_KIT_NAME,Text,,Nanotech Fieldkit,,,,,,Нанотехнологический полевой набор,,
KEY_REPAIR_KIT_ABILITY_DESCRIPTION,Text,,"Removes all acid, bleeding, blind, paralyzed, poisoned, slowed, stun, trembling, viral status from the target.",,,,,,"Удаляет кислоту, кровотечение, слепоту, паралич, отравление, замедление, оглушение, дрожь и вирусный статус у цели.",,
KEY_REPAIR_KIT_ABILITY_NAME,Text,,USE NANOTECH FIELDKIT,,,,,,ИСПОЛЬЗОВАТЬ  ПОЛЕВОЙ НАНОТЕХНОЛОГИЧЕСКИЙ НАБОР,,
KEY_PX_BLAST_RES_ATTACHMENT_DESCRIPTION,Text,,Blast and Fire Damage Resistant Vest,,,,,,"Жилет, устойчивый к взрывам и огню",,
KEY_PX_BLAST_RES_ATTACHMENT_NAME,Text,,Hazard Protection Vest,,,,,,Защитный костюм,,
EXTRAHEALING_NAME,Text,,INCREASED HEALING,,,,,,УВЕЛИЧЕННОЕ ИСЦЕЛЕНИЕ,,
EXTRAHEALING_DESCRIPTION,Text,,Increases incoming healing by 25%,,,,,,Увеличивает входящее исцеление на 25%,,
RESISTANCE_TO_PARALYSIS_NAME,Text,,PARALYSIS RESISTANCE,,,,,,СОПРОТИВЛЕНИЕ ПАРАЛИЧУ,,
RESISTANCE_TO_PARALYSIS_DESCRIPTION,Text,,Reduces incoming paralysis damage by half,,,,,,Уменьшает входящий урон от паралича наполовину.,,
KEY_SY_POISON_RES_VEST_ATTACHMENT_DESCRIPTION,Text,,Poison and Paralysis-resistant enhanced healing undersuit,,,,,,"Подкладка для усиленного заживления, добавляет устойчивость к яду и параличу",,
KEY_SY_POISON_RES_VEST_ATTACHMENT_NAME,Text,,Trauma Response Vest,,,,,,Восстанавливающий жилет,,
KEY_BLAST_RESISTANCE_NAME,Text,,BLAST RESISTANCE,,,,,,СОПРОТИВЛЕНИЕ ВЗРЫВУ,,
KEY_NJ_FIRE_RES_VEST_ATTACHMENT_DESCRIPTION,Text,,New Jericho Acid-resistant Undersuit Module,,,,,,Модуль кислотоустойчивой подкладки Нового Иерихона,,
KEY_NJ_FIRE_RES_VEST_ATTACHMENT_NAME,Text,,Acid-Res Vest Module,,,,,,Модуль жилета Acid-Res,,
KEY_SY_MIST_REPEL_ATTACHMENT_DESCRIPTION,Text,,Synedrion Mist-repellant Leg Module,,,,,,Туманоотталкивающий модуль для ног Синедриона,,
NANOVEST_NAME,Text,,Nanotech Vest,,,,,,Нанотехнологический жилет,,
NANOVEST_DESCRIPTION,Text,,Enhanced limb protection,,,,,,Улучшенная защита конечностей,,
NANOVEST_ABILITY_NAME,Text,,INCREASED BODYPART HP,,,,,,УВЕЛИЧЕННАЯ ВЫНОСЛИВОСТЬ ЧАСТИ ТЕЛА,,
NANOVEST_ABILITY_DESCRIPTION,Text,,Increases the HP of all bodyparts by 10,,,,,,Увеличивает ОЗ всех частей тела на 10,,
KEY_BASE_FACILITY_CONTAINMENT_DESCRIPTION,Text,,"Live Pandorans can be contained here and kept alive. Large creatures will take more space, and space is shared across all facilities. The facility has 25 containment space.",,,,,,"Живые пандораны могут быть содержаны здесь и поддерживаться в живом состоянии. Большие существа займут больше места, и место общее для всех объектов. В объекте имеется 25 мест для содержания.",,
Taxiarch_Nergal,Text,,Taxiarch Nergal,,,,,,Таксиарх Нергал,,
Nikolai,Text,,Nikolai,,,,,,Николай,,
Stas,Text,,Stas,,,,,,Стас,,
Zhara,Text,,Zhara,,,,,,Жара,,
Sophia_Villanova,Text,,Sophia Villanova,,,,,,София Вилланова,,
Colonel_Jack_Harlson,Text,,Colonel Jack Harlson,,,,,,Полковник Джек Харлсон,,
Captain_Richter,Text,,Captain J. P. Richter,,,,,,Капитан Дж.П. Рихтер,,
KEY_NJ_EXO_BIO_HELMET_DESCRIPTION,Text,,New Jericho Will Disruption Head Augmentation,,,,,,Нейроподавитель Нового Иерихона,,
KEY_NJ_EXO_BIO_HELMET_LONG_DESCRIPTION,Text,,"Created as an advanced targeting implant, the Disruptor head augmentation was gradually modified to use ultrasound emitters to disrupt enemy mind processes.",,,,,,"Созданный как передовой имплант для точного нацеливания, Нейроподавитель постепенно модифицировался для использования ультразвуковых излучателей, нарушающих когнитивные процессы врагов.",,
KEY_NJ_EXO_BIO_HELMET_NAME2,Text,,Disruptor Head,,,,,,Нейроподавитель,,
KEY_NJ_EXO_BIO_LEGS_DESCRIPTION,Text,,New Jericho Rocket Legs Augmentation,,,,,,Реактивная аугментация ног Нового Иерихона,,
KEY_NJ_EXO_BIO_LEGS_LONG_DESCRIPTION,Text,,"Following the design of the Golem-B armor jetpack, the Propeller legs augmentation allows soldiers to traverse short distances flying over low obstacles on the way.",,,,,,"Следуя дизайну реактивного ранца брони Голем-Б, аугментация ног Пропеллер позволяет солдатам преодолевать небольшие расстояния, пролетая над низкими препятствиями на пути.",,
KEY_NJ_EXO_BIO_LEGS_NAME2,Text,,Propeller Legs,,,,,,Пропеллерные ноги,,
KEY_NJ_EXO_BIO_TORSO_DESCRIPTION,Text,,New Jericho Exoskeletal Torso Augmentation,,,,,,Экзоскелетная аугментация торса Нового Иерихона,,
KEY_NJ_EXO_BIO_TORSO_LONG_DESCRIPTION,Text,,"A third generation exoskeleton rig that allows a soldier to attach any mounted weapons or mecharms to their frame, increasing their versatility in combat by seventy-nine percent.",,,,,,"Экзоскелет третьего поколения, позволяющий солдату прикреплять любое установленное оружие или механические руки к своей конструкции, увеличивая их универсальность в бою на семьдесят девять процентов.",,
KEY_NJ_EXO_BIO_TORSO_NAME2,Text,,Neural Torso,,,,,,Нейронный торс,,
KEY_NJ_JUGG_BIO_HELMET_DESCRIPTION,Text,,New Jericho Control Resist Head Augmentation,,,,,,Пси-экранирующая аугментация головы Нового Иерихона,,
KEY_NJ_JUGG_BIO_HELMET_LONG_DESCRIPTION,Text,,"A massive head augmentation of reinforced titanium, the Clarity head provides complete protection to the soldier’s brain, while also isolating him from Pandoran mind control.
",,,,,,"Обширная аугментация головы из усиленного титана, голова Ясность обеспечивает полную защиту мозга солдата, а также изолирует его от пандоранского контроля над разумом.",,
KEY_NJ_JUGG_BIO_HELMET_NAME2,Text,,Clarity Head,,,,,,Голова Ясность,,
KEY_NJ_JUGG_BIO_LEGS_DESCRIPTION,Text,,New Jericho Safe Landing Legs Augmentation,,,,,,Амортизаторы для безопасного приземления Нового Иерихона,,
KEY_NJ_JUGG_BIO_LEGS_LONG_DESCRIPTION,Text,,"Based on advanced vehicle hydraulics, the Armadillo legs allow soldiers of up to three tons to land safely from fifty meters height absorbing the entire shock.",,,,,,"На основе технологий передовой гидравлики транспортных средств, ноги Броненосец позволяют солдатам весом до трех тонн безопасно приземляться с высоты пятьдесят метров, поглощая весь удар.",,
KEY_NJ_JUGG_BIO_LEGS_NAME2,Text,,Armadillo Legs,,,,,,Ноги Броненосец,,
KEY_NJ_JUGG_BIO_TORSO_DESCRIPTION,Text,,New Jericho Demolishing Torso Augmentation,,,,,,Тяжелая штурмовая аугментация торса Нового Иерихона,,
KEY_NJ_JUGG_BIO_TORSO_LONG_DESCRIPTION,Text,,"Initially designed for space combat, the Juggernaut torso makes a person immune to the majority of physical attacks, while also allowing soldiers to breach through solid walls by walking through them.",,,,,,"Изначально разработанный для космического боя, торс Джаггернаут защищает бойца от большинства физических атак и позволяет проламываться через легкие перекрытия.",,
KEY_NJ_JUGG_BIO_TORSO_NAME2,Text,,Juggernaut Torso,,,,,,Торс Джаггернаут,,
KEY_SY_SHINOBI_BIO_HELMET_DESCRIPTION,Text,,Synedrion Silent Echo Head Augmentation,,,,,,Звукоподавляющая аугментация головы Синедриона,,
KEY_SY_SHINOBI_BIO_HELMET_LONG_DESCRIPTION,Text,,"Based on Triton head physiology, the Echo head augment is able to produce a sound suppression field, increasing soldier's stealth.",,,,,,"Основываясь на физиологии головы Тритона, аугментация головы Эхо способна создавать поле подавления звука, увеличивая скрытность солдата.",,
KEY_SY_SHINOBI_BIO_HELMET_NAME2,Text,,Echo Head,,,,,,Голова Эхо,,
KEY_SY_SHINOBI_BIO_LEGS_DESCRIPTION,Text,,Synedrion Anti-detection Legs Augmentation,,,,,,Маскирующая аугментация ног Синедриона,,
KEY_SY_SHINOBI_BIO_LEGS_LONG_DESCRIPTION,Text,,"Designed for silent running, the Mirage legs allow soldiers to run through observed areas unnoticed without worrying about enemy Overwatch.",,,,,,"Специально разработанные для бесшумного передвижения, ноги Мираж позволяют солдатам пробегать через зоны контроля противника незамеченными, не опасаясь огня вызванного срабатыванием режима наблюдения.",,
KEY_SY_SHINOBI_BIO_LEGS_NAME2,Text,,Mirage Legs,,,,,,Ноги Мираж,,
KEY_SY_SHINOBI_BIO_TORSO_DESCRIPTION,Text,,Synedrion Melee Proficient Torso Augmentation,,,,,,Аугментация торса  для ближнего боя Синедриона,,
KEY_SY_SHINOBI_BIO_TORSO_LONG_DESCRIPTION,Text,,"The Vengeance torso augmentation focuses on close combat efficiency, combining reflex enhancers and vital spot targeting assistance. This also allows soldiers to wield melee weapons effectively without prior training.",,,,,,"Аугментация торса Возмездие фокусируется на эффективности бойца в ближнем бою, сочетая усилители рефлексов и помощь в нацеливании на важные точки. Улучшение также позволяет солдатам эффективно использовать холодное оружие без предварительной подготовки.",,
KEY_SY_SHINOBI_BIO_TORSO_NAME2,Text,,Vengeance Torso,,,,,,Торс Возмездие,,
KEY_MUTATION_PART_HEAD_ARMORED_LONG_DESCRIPTION,Text,,"Developed through Arthron DNA modification, the mutation grants 30 head armor and full daze immunity. Additional +1 to Strength",,,,,,"Разработанная с помощью модификации ДНК Артрона, мутация предоставляет 30 брони головы и иммунитет к оглушению. Дополнительно дает +1 к Силе.",,
KEY_MUTATION_PART_HEAD_PERCEPTOR_LONG_DESCRIPTION,Text,,"Based on Scylla DNA samples, the mutation enhances the senses, increasing Perception by 8 and Accuracy by 10%.",,,,,,"Мутация на основе образцов ДНК Сциллы  усиливает чувства, увеличивая Восприятие на 8 и Точность на 10%.",,
KEY_MUTATION_PART_HEAD_RESISTOR_LONG_DESCRIPTION,Text,,"Engineered through Siren gene modification, the mutation offers Poison and Virus resistance, while also increasing Willpower by +2.",,,,,,"Созданная с помощью модификации генов Сирены, мутация дает устойчивость к яду и вирусам, а также увеличивает силу воли на +2.",,
KEY_MUTATION_PART_LEG_AGILE_LONG_DESCRIPTION,Text,,"Modified based on Arthron DNA, the mutation grants superior Speed as well as goo immunity and the ability to jump up one storey.",,,,,,"Мутация на основе ДНК Артрона предоставляет превосходную скорость, а также иммунитет к слизи и способность прыгать на один этаж вверх.",,
KEY_MUTATION_PART_LEG_SNEAKER_LONG_DESCRIPTION,Text,,"Combining Triton and aquatic DNA, the mutation grants superior stealth and the ability to perform kicks (Sonic Attack will daze target with WP < 15) as well as approach Sentinels without being detected.",,,,,,"Используя ДНК Тритона , была выведена мутация, которая обеспечивает превосходную скрытность и способность выполнять особые удары (Звуковая атака ошеломляет цель с WP < 15), а также приближаться к Стражам, не будучи обнаруженным.",,
KEY_MUTATION_PART_LEG_STOMPER_LONG_DESCRIPTION,Text,,"Created from Chiron DNA, the mutation grants Stomping Attack (Shock Attack affecting a 5-tile radius, dazing targets if shock value > target Hit Points and removes Mist and Fire from the tiles within range). Additional +1 to Strength.",,,,,,"Созданная из ДНК Хирона, мутация предоставляет атаку топтания (шоковую атаку, воздействующую на радиус 5 плиток, ошеломляя цели, если значение шока > очков здоровья цели и удаляет туман и огонь с плиток в пределах действия). Дополнительно дает +1 к силе.",,
KEY_MUTATION_PART_PRIEST1_LONG_DESCRIPTION,Text,,"Based on DNA from the Synod of Yearning, the mutation restores 2 Will Points to all friendly living entities within 7 tiles at the start of each turn. Additional +4 to Willpower.",,,,,,Мутация на основе ДНК Синода Жажды восстанавливает 2 очка Воли всем дружественным живым существам в пределах 7 плиток в начале каждого хода. Дополнительно +4 к Силе Воли.,,
KEY_MUTATION_PART_PRIEST2_LONG_DESCRIPTION,Text,,"Created from DNA of from the Blind Legate, the mutation allows a priest to perform Instil Frenzy (increase Speed by 33% and make them immune to panic) on allied characters. Additional +4 to Willpower.",,,,,,"Созданная из ДНК Слепого Легата, мутация позволяет жрецу внушать безумие (увеличивает Скорость на 33% и обеспечивает иммунитет к панике) союзным персонажам. Дополнительно +4 к Силе Воли.",,
KEY_MUTATION_PART_PRIEST3_LONG_DESCRIPTION,Text,,"Engineered from the Keeper of the Threshhold’s DNA, the mutation grants Mind Control Immunity and the ability to perform a Psychic Scream (reduces the Will Points of all enemy units in an 8 tile radius by 10). Additional +8 to Willpower.",,,,,,"Созданная из ДНК Хранителя Порога, мутация дарует иммунитет к контролю над разумом и способность выполнять Психический Крик (уменьшает Волевые очки всех вражеских юнитов в радиусе 8 плиток на 10). Дополнительно +8 к Воле.",,
KEY_MUTATION_PART_TORSO_REGEN_LONG_DESCRIPTION,Text,,"Based on Arthron DNA, the mutation has regeneration capabilities (restore 10 Hit Points to arms and torso at the end of each turn) and fire resistance. Additional +1 to Strength.",,,,,,Мутация на основе ДНК Артрона позволяет регенерировать повреждения  (восстанавливает 10 очков здоровья рук и туловища в конце каждого хода) и устойчивость к огню. Дополнительно +1 к Силе.,,
KEY_MUTATION_PART_TORSO_SHOOT_LONG_DESCRIPTION,Text,,"Created through combination of aquatic DNA, the mutation makes it possible to shoot poisonous darts at short distances. The mutation prevents the use of two-handed weapons.",,,,,,"Созданная путем комбинации акватической ДНК, мутация позволяет стрелять ядовитыми дротиками на короткие расстояния. Мутация препятствует использованию двуручного оружия.",,
KEY_MUTATION_PART_TORSO_TENTACLE_LONG_DESCRIPTION,Text,,"Two pairs of tentacles that retaliate to any proximity attack. Based on electric eel DNA, the tentacles are capable of performing melee attacks that deal Paralyze damage.",,,,,,"Два пары щупалец, которые отвечают на любую ближнюю атаку. Основанная на ДНК электрического угря, мутация дает возможность наносить атаки ближнего боя, наносящие парализующий урон.",,
TFTV_KEY_AC_MACE_NAME,Text,,Reaper,,,,,,Жнец,,
TFTV_KEY_AC_HEAVY_NAME,Text,,Rebuke,,,,,,Порицание,,
TFTV_KEY_AC_SNIPER_NAME,Text,,Scorpion,,,,,,Скорпион,,
TFTV_KEY_AC_SCYTHE_NAME,Text,,Scyther,,,,,,Сайтер,,
TFTV_KEY_AC_SHOTGUN_NAME,Text,,Shard Gun,,,,,,Осколочное ружье,,
KEY_KAOSGUNS_AMMO_KS_Obliterator_WeaponDef,Text,,Obliterator Ammo,,,,,,Боеприпасы для Уничтожителя,,
KEY_KAOSGUNS_AMMO_DESCRIPTION_KS_Obliterator_WeaponDef,Text,,Obliterator Assault Rifle Magazine,,,,,,Магазин для штурмовой винтовки Уничтожитель,,
KEY_KAOSGUNS_AMMO_KS_Subjector_WeaponDef,Text,,Subjector Ammo,,,,,,Боеприпасы для Покорителя,,
KEY_KAOSGUNS_AMMO_DESCRIPTION_KS_Subjector_WeaponDef,Text,,Subjector Sniper Rifle Magazine,,,,,,Магазин для снайперской винтовки Покоритель,,
KEY_KAOSGUNS_AMMO_KS_Redemptor_WeaponDef,Text,,Redemptor Ammo,,,,,,Патроны для Спасителя,,
KEY_KAOSGUNS_AMMO_DESCRIPTION_KS_Redemptor_WeaponDef,Text,,Redemptor Shotgun Shells,,,,,,Картечь для Спасителя,,
KEY_KAOSGUNS_AMMO_KS_Devastator_WeaponDef,Text,,Devastator Ammo,,,,,,Боеприпасы  для Опустошителя,,
KEY_KAOSGUNS_AMMO_DESCRIPTION_KS_Devastator_WeaponDef,Text,,Devastator Cannon Shells,,,,,,Снаряды для Опустошителя,,
KEY_KAOSGUNS_AMMO_KS_Tormentor_WeaponDef,Text,,Tormentor Ammo,,,,,,"Боеприпасы ""Мучитель""",,
KEY_KAOSGUNS_AMMO_DESCRIPTION_KS_Tormentor_WeaponDef,Text,,Tormentor Handgun Magazine,,,,,,Магазин для пистолета Мучитель,,
KEY_EXPENDABLE_ARCHETYPE_FORMER_PX_NAME,Text,,SECURITY,,,,,,СЛУЖБА БЕЗОПАСНОСТИ,,
KEY_EXPENDABLE_ARCHETYPE_FORMER_PX_DESCRIPTION,Text,,"This mercenary was employed in the Phoenix Point security detail before the cataclysm, and still proudly carries an older pattern of our gear, now a little worse-for-wear after several years without proper maintenance. When you speak with them they tell you that they had no idea that the project had survived. They are dismissive of suggestions that they join back up with the cause, but mention casually that you would be very welcome to take them on at their standard rates. Plus hazard pay of course.",,,,,,"Этот наемник работал в службе безопасности Проекта Феникс до катаклизма и до сих пор гордо носит старый образец нашей экипировки, теперь немного поношенный после нескольких лет без должного обслуживания. Когда Вы разговариваете с ним, он говорит вам, что не имел ни малейшего представления о том, что проект выжил. Он отмахивается от предложений присоединиться к проекту снова, но упоминает, что будет ""бесконечно рад"", если Вы возьмете его на работу по стандартным тарифам. Плюс, конечно же, оплата за риск.",,
KEY_EXPENDABLE_ARCHETYPE_FORMER_PX_QUOTE,Text,,"<i>“We already tried to save the world once, and everyone I worked with died. It’s naive to think that everything can be overcome with grit and best intentions. Sometimes you just have to escape, survive, and reassess your priorities.”</i>",,,,,,"<i>«Мы уже пытались спасти мир однажды, и все, с кем я работал, погибли. Наивно думать, что все можно преодолеть с помощью решимости и лучших намерений. Иногда нужно просто уйти, выжить и переосмыслить свои приоритеты».<i>",,
KEY_EXPENDABLE_ARCHETYPE_SECTARIAN_NAME,Text,,Sectarian (Berserker),,,,,,Сектант (Берсерк),,
KEY_EXPENDABLE_ARCHETYPE_SECTARIAN_DESCRIPTION,Text,,"This savage fighter belongs to a group of secular sceptics that tore away from the religious teachings of the Anu cult at an early stage in its development, disgusted by its dogmatism. They went on to found their own secretive warrior societies, and make heavy use of hallucinogenic drugs to induce terrifying frenzies on the battlefield. Their numbers have grown since, and they are well known and respected in the bandit settlements, where their heavy axes are symbols of ferocity and suicidal bravery. When you approach them in the bar they grin, and lazily point you to their rates.",,,,,,"Этот дикий боец принадлежит к группе светских скептиков, которые оторвались от религиозных учений культа Ану на ранней стадии его развития, отвращенные его догматизмом. Они основали свои собственные тайные воинские общества и широко используют галлюциногенные наркотики, чтобы вызвать ужасающее безумие на поле боя. Их численность выросла с тех пор, и они хорошо известны и уважаемы в бандитских поселениях, где их тяжелые топоры являются символами свирепости и самоубийственной храбрости. Когда Вы подходите к ним в баре, они ухмыляются и лениво указывают Вам на свои цены.",,
KEY_EXPENDABLE_ARCHETYPE_SECTARIAN_QUOTE,Text,,"<i>“Life is very precious, you know? You can’t just sacrifice what’s in your soul for people who don’t care whether you live or die. There’s no place in this world for cowards.” </i>",,,,,,"<i>“Жизнь драгоценна, знаешь? Ты не можешь просто жертвовать тем, что в твоей душе, для людей, которым все равно, живешь ты или умираешь. В этом мире нет места трусам.""<i>",,
KEY_EXPENDABLE_ARCHETYPE_GHOST_NAME,Text,,Ghost (Priest),,,,,,Призрак (Жрец),,
KEY_EXPENDABLE_ARCHETYPE_GHOST_DESCRIPTION,Text,,"You hear about them before you see one, and everyone has heard the stories. It was supposed to be a clandestine Synedrion programme, experimenting with shared lucid dreaming, controlled exposure to mist, and other para-physical phenomena, but you have never heard any firm agreement around what these experiments were hoping to achieve. Some say they were trying to develop truly unmediated human closeness and empathy; all that is known for sure is that they managed to escape together, that they live as refugees in the bandit towns, and that they are uniformly unstable. You don’t see this one blink once during the negotiations.",,,,,,"Вы уже слышали о них, прежде чем увидеть одного, да наверное каждый слышал эти истории. Это должна была быть тайная программа Синедриона, экспериментирующая с общими осознанными сновидениями, контролируемым воздействием тумана и другими парапсихологическими явлениями, но Вы никогда не слышали никаких четких соглашений о том, чего эти эксперименты надеялись достичь. Некоторые говорят, что они пытались развить истинную непосредственную близость и эмпатию между людьми; все, что известно наверняка, это то, что подопытным удалось сбежать вместе, что они живут как беженцы в городах бандитов и что они все нестабильны. Вы не заметили, чтобы этот наемник хоть раз моргнул во время переговоров.",,
KEY_EXPENDABLE_ARCHETYPE_GHOST_QUOTE,Text,,"<i>“Eventually, anyone who associates too closely with real power will also be exposed to it, vulnerable to its movements and its monstrous demands.”</i>",,,,,,"<i>“В конечном счете, любой, кто слишком тесно связан с реальной властью, также будет подвержен ей, уязвим перед ее течениями и чудовищными требованиями.""<i>",,
KEY_EXPENDABLE_ARCHETYPE_SLUG_NAME,Text,,Slug (Technician),,,,,,Слизняк (Техник),,
KEY_EXPENDABLE_ARCHETYPE_SLUG_DESCRIPTION,Text,,"These mutants are the result of invasive and unsafe treatments against mist exposure. With a mixture of controlled mutation and mechanical restraining armatures, they have managed to keep their personalities intact, but many of them live in pain and most are dissociative at best. They often hire themselves out as haven guards and technical specialists, in order to raise funds that they use to ‘save’ more victims of the mist. They are generally seen in the mutant ghettoes, but this particular soldier has approached you directly and asked about being hired on.",,,,,,"""Эти мутанты являются результатом инвазивных и небезопасных методов лечения от воздействия тумана. С помощью смеси контролируемой мутации и механических ограничителей, им удалось сохранить свои личности, но многие из них живут в боли, а большинство страдает диссоциацией. Они часто нанимаются в качестве охранников и технических специалистов, чтобы собрать средства, которые они используют для ""спасения"" большего числа жертв тумана. Обычно их можно увидеть в мутантских гетто, но этот конкретный солдат обратился к Вам напрямую и спросил о возможности найма.""",,
KEY_EXPENDABLE_ARCHETYPE_SLUG_QUOTE,Text,,"<i>“When I look at this world you know sometimes I see nothing worth liking. But it doesn’t matter. There are still people to fight for, people who don’t deserve to suffer like they do.”</i>",,,,,,"<i>“Когда я смотрю на этот мир, знаешь, иногда я не вижу ничего, что стоило бы полюбить. Но это не имеет значения. Все равно есть люди, за которых стоит бороться, люди, которые не заслуживают страдать так, как они страдают.""<i>",,
KEY_EXPENDABLE_ARCHETYPE_SPYMASTER_NAME,Text,,Spymaster (Infiltrator),,,,,,Саботажник (Разведчик),,
KEY_EXPENDABLE_ARCHETYPE_SPYMASTER_DESCRIPTION,Text,,"This is one of the infiltrators that work for the rulers of the bandit encampments. These are the  men and women who actually undertake the high-risk sabotage and infiltration missions against the factions, and who stock the bazaar with its more exotic wares. They are also capable and ruthless enforcers and assassins, and their skills make them excellent mercenaries, hired out when their masters are in need of cash. They smile when you approach, and tell you that all the particulars can be finalised on the flight.
",,,,,,"Это один из инфильтраторов, работающих на правителей лагерей бандитов. Это мужчины и женщины, которые фактически осуществляют рискованные саботажные и инфильтрационные миссии против фракций и снабжают базар своими экзотическими товарами. Они также являются способными и беспощадными манипуляторами и убийцами, и их навыки делают их отличными наемниками, нанимающимися, когда их хозяева нуждаются в деньгах. Они улыбаются, когда Вы подходите и говорят, что все детали могут быть уточнены в полете.",,
KEY_EXPENDABLE_ARCHETYPE_SPYMASTER_QUOTE,Text,,"<i>“The encampments have been in chaos for years, and it was hard work putting them back together. Lots of people died, lots of people had to be killed. But nothing worth doing is easy, and things are finally improving.”</i>",,,,,,"<i>«Лагеря были в хаосе много лет, и было трудно их восстановить. Много людей погибло, много людей пришлось убить. Но ничто стоящее не делается легко, и наконец-то ситуация улучшается».<i>",,
KEY_EXPENDABLE_ARCHETYPE_DOOM_NAME,Text,,Old Hound (Heavy),,,,,,Старый Гончий (Тяжелая пехота),,
KEY_EXPENDABLE_ARCHETYPE_DOOM_DESCRIPTION,Text,,"This old soldier is one of the few surviving members of a loose collection of powerful military outfits who fought alongside New Jericho in the years before the collapse. Their gear is ancient and in bad need of repair, and their outdated and poorly-maintained military implants cause them constant pain, which often makes them aggressive and confused, evidenced in trophy-taking and other unethical behaviour. Despite this, you are talking to an experienced veteran and a powerful warrior, who is well accustomed to the rigours of mercenary work.",,,,,,"Этот старый солдат - один из немногих выживших членов свободного собрания влиятельных военных формирований, которые сражались на стороне Нового Иерихона в годы перед крахом. Их снаряжение древнее и сильно нуждается в ремонте, и устаревшие и плохо обслуживаемые военные импланты постоянно причиняют им боль, что часто делает их агрессивными и сбитыми с толку, что проявляется в отборе трофеев и другом неэтичном поведении. Несмотря на это, Вы общаетесь с опытным ветераном и мощным воином, который привык к трудностям наемной работы.",,
KEY_EXPENDABLE_ARCHETYPE_DOOM_QUOTE,Text,,"<i>“The fight changes over time… You get a sense of what people are worth over time as well… Get a sense of who is worth your trust, worth your allegiance, and of who you and your guys you should just quietly frag as soon as you see an opportunity…”</i>",,,,,,"<i>«Борьба меняется со временем... Вы со временем понимаете, чего стоят люди... Понимаете, кому стоит доверять, кому стоит отдать свою преданность, и кого Вам и вашим ребятам следует тихо уничтожить, как только появится возможность...»<i>",,
KEY_EXPENDABLE_ARCHETYPE_EXILE_NAME,Text,,Exile (Assault),,,,,,Изгнанник (Штурмовик),,
KEY_EXPENDABLE_ARCHETYPE_EXILE_DESCRIPTION,Text,,"This is an ex-Synedrion wetwork specialist, whose unorthodox theoretical and political convictions led to them voluntarily abandoning their commune-haven. This is more common than people outside of Synedrion often realise - radical freedom must also include the freedom to leave. Exiles often turn to employment as security professionals, work that allows them to remain consistent to their often eccentric understandings of how one ought to live. This one keeps discussion strictly professional, ignoring questions that don’t pertain to the job: expectations, contracts, perks, and day rates.",,,,,,"Это бывший специалист по скрытной работе Синедриона, чьи неортодоксальные теоретические и политические убеждения привели его к добровольному покиданию своей общины-убежища. Это явление гораздо более распространено, чем часто осознают люди вне Синедриона - радикальная свобода также должна включать свободу ухода. Изгнанники часто обращаются к работе в качестве профессионалов в области безопасности, работе, которая позволяет им оставаться последовательными своим часто эксцентричным представлениям о том, как следует жить. Этот человек ведет обсуждение строго профессионально, игнорируя вопросы, не относящиеся к работе: ожидания, контракты, льготы и дневные ставки.",,
KEY_EXPENDABLE_ARCHETYPE_EXILE_QUOTE,Text,,"<i>“Society is pushed forward by a tiny subset of innovators - this is still true, maybe even more true, in these borderlands and ruins. War is a mindset, not a practice. Every apparently solid surface can be cut through if you can find the right tools.”</i>",,,,,,"<i>“Общество продвигается вперед маленьким подмножеством инноваторов - это все еще правда, возможно, даже более верно, в этих пограничных землях и руинах. Война - это образ мышления, а не практика. Каждая, казалось бы, твердая поверхность может быть прорезана, если Вы найдете правильные инструменты.""<i>",,
DOOM_SLAYER_GROM_NAME,Text,,GROM AC,,,,,,АП ГРОМ ,,
DOOM_SLAYER_GROM_DESCRIPTION,Text,,GROM Auto-Cannon,,,,,,Автоматическая пушка ГРОМ ,,
SECTARIAN_AXE_NAME,Text,,Varangian Battle Axe,,,,,,Варварская секира,,
SECTARIAN_AXE_DESCRIPTION,Text,,Varangian Battle Axe,,,,,,Варварская секира,,
SLUG_KEY_MECH_ARMS_NAME,Text,,Parasymbiotic Interface,,,,,,Парасимбиотический интерфейс,,
SLUG_KEY_MECH_ARMS_DESCRIPTION,Text,,A crude machine that feeds on self sacrifice.,,,,,,"Грубая машина, питающаяся самопожертвованием.",,
DOOM_SLAYER_HELMET_NAME,Text,,Obsolete New Jericho Heavy Helmet,,,,,,Устаревший тяжелый шлем Нового Иерихона,,
DOOM_SLAYER_HELMET_DESCRIPTION,Text,,Warhound Mk1 Helmet,,,,,,Шлем Гончая Mk1,,
DOOM_SLAYER_TORSO_NAME,Text,,Obsolete New Jericho Heavy Body Armor,,,,,,Устаревшая тяжелая броня Нового Иерихона,,
DOOM_SLAYER_TORSO_DESCRIPTION,Text,,Warhound Mk1 Body Armor,,,,,,Бронежилет Гончая Mk1,,
DOOM_SLAYER_LEGS_NAME,Text,,Obsolete New Jericho Heavy Leg Armor,,,,,,Устаревшая тяжелая ножная брони Нового Иерихона,,
DOOM_SLAYER_LEGS_DESCRIPTION,Text,,Warhound Mk1 Leg Armor,,,,,,Броня для ног Гончая Mk1,,
SECTARIAN_HELMET_NAME,Text,,Schismatic Disciples of Anu Berserker Helmet,,,,,,Раскольнический шлем Берсеркеров Последователей Ану,,
SECTARIAN_HELMET_DESCRIPTION,Text,,Enkidu Helmet,,,,,,Шлем Энкиду,,
SECTARIAN_TORSO_NAME,Text,,Schismatic Disciples of Anu Berserker Body Armor,,,,,,Раскольническая броня Берсеркеров Последователей Ану,,
SECTARIAN_TORSO_DESCRIPTION,Text,,Enkidu Body Armour,,,,,,Броня Энкиду,,
SECTARIAN_LEGS_NAME,Text,,Schismatic Disciples of Anu Berserker Leg Armor,,,,,,Раскольнические поножи Берсеркеров Последователей Ану,,
SECTARIAN_LEGS_DESCRIPTION,Text,,Enkidu Leg Armour,,,,,,Броня для ног Энкиду,,
GHOST_HELMET_NAME,Text,,Experimental Synedrion Psy-Ops Helmet,,,,,,Экспериментальный шлем Псай-Опс Синедриона.,,
GHOST_HELMET_DESCRIPTION,Text,,Hostile Environment Headgear,,,,,,Шлем для враждебной среды,,
GHOST_LEGS_NAME,Text,,Experimental Synedrion Psy-Ops Leg Armor,,,,,,Экспериментальные Псай-Опс поножи Синедриона,,
GHOST_LEGS_DESCRIPTION,Text,,Hostile Environment Leg Protection,,,,,,Защита ног для враждебной среды,,
GHOST_TORSO_NAME,Text,,Experimental Synedrion Psy-Ops Body Armor,,,,,,Экспериментальная броня Псай-Опс Синедриона,,
GHOST_TORSO_DESCRIPTION,Text,,Hostile Environment Suit,,,,,,Защитный костюм для враждебной среды,,
SPYMASTER_HELMET_NAME,Text,,Bandit Infiltrator Helmet,,,,,,Шлем разведчика бандитов,,
SPYMASTER_HELMET_DESCRIPTION,Text,,Outrider Headgear,,,,,,"Головной убор ""Аутрайдер""",,
SPYMASTER_TORSO_NAME,Text,,Bandit Infiltrator Body Armor,,,,,,Броня разведчика бандитов,,
SPYMASTER_TORSO_DESCRIPTION,Text,,Outrider Body Armor,,,,,,Бронежилет Аутрайдер,,
SPYMASTER_LEGS_NAME,Text,,Bandit Infiltrator Leg Armor,,,,,,Поножи разведчика бандитов,,
SPYMASTER_LEGS_DESCRIPTION,Text,,Outrider Leg Armor,,,,,,Броня для ног Аутрайдер,,
SLUG_HELMET_NAME,Text,,Bandit Technician Helmet,,,,,,Шлем техника-бандита,,
SLUG_HELMET_DESCRIPTION,Text,,Biomechanical Breathing Apparatus,,,,,,Биомеханический дыхательный аппарат,,
SLUG_TORSO_NAME,Text,,Bandit Technician Body Armor,,,,,,Броня техника-бандита,,
SLUG_TORSO_DESCRIPTION,Text,,Biomechanical Upper Exoskeleton,,,,,,Биомеханический верхний экзоскелет,,
SLUG_LEGS_NAME,Text,,Bandit Technician Leg Armor,,,,,,Броня для ног техника-бандита,,
SLUG_LEGS_DESCRIPTION,Text,,Biomechanical Lower Exoskeleton,,,,,,Биомеханический нижний экзоскелет,,
EXILE_HELMET_NAME,Text,,Geryon Headgear,,,,,,Головной убор Герион,,
EXILE_HELMET_DESCRIPTION,Text,,Geryon Headgear,,,,,,Головной убор Герион,,
EXILE_TORSO_NAME,Text,,Geryon Body Armour,,,,,,Нагрудник Герион,,
EXILE_TORSO_DESCRIPTION,Text,,Geryon Body Armour,,,,,,Нагрудник Герион,,
EXILE_LEGS_NAME,Text,,Geryon Leg Armour,,,,,,Броня для ног Герион,,
EXILE_LEGS_DESCRIPTION,Text,,Geryon Leg Armour,,,,,,Броня для ног Герион,,
KEY_NEU_ASSAULT_BODY_DESCRIPTION,Text,,Wasteland Body Armor,,,,,,Бронежилет  для пустоши,,
KEY_NEU_ASSAULT_BODY_NAME2,Text,,Jacket,,,,,,Куртка,,
KEY_NEU_ASSAULT_LEGS_DESCRIPTION,Text,,Wasteland Leg Armor,,,,,,Броня для ног для пустоши,,
KEY_NEU_ASSAULT_LEGS_NAME2,Text,,Jeans,,,,,,Джинсы,,
KEY_WASTELAND_BODY_ARMOR_DESCRIPTION,Text,,Wasteland Body Armor,,,,,,Бронежилет для устоши,,
KEY_TSHIRT_NAME2,Text,,Padded T-shirt,,,,,,Подбитый костюм,,
KEY_WASTELAND_HEADGEAR_DESCRIPTION,Text,,Wasteland Headgear,,,,,,Головной убор для пустоши,,
KEY_WASTELAND_LEGS_DESCRIPTION,Text,,Wasteland Leg Armor,,,,,,Поножи для пустоши,,
KEY_WASTELAND_LEGS_NAME2,Text,,Jeans,,,,,,Джинсы,,
KEY_COAT_NAME2,Text,,Coat,,,,,,Пальто,,
KEY_TACTICAL_BANDANA_NAME2,Text,,Tactical Bandana,,,,,,Тактическая бандана,,
KEY_WASTELAND_SCUM_NAME,Text,,SCAVENGER TRAINING,,,,,,ТРЕНИРОВКА МУСОРЩИКОВ,,
KEY_BASE_FACILITY_SECURITY_DESCRIPTION,Text,,Provides 3 security personnel during attacks on this base.,,,,,,Предоставляет трех охранников во время атак на эту базу.,,
KEY_BASE_FACILITY_SECURITY_NAME,Text,,SECURITY STATION,,,,,,ОХРАННАЯ СТАНЦИЯ,,
KEY_CHIRON_DIGGER_NAME,Text,,Chiron Digger,,,,,,Хирон Диггер,,
KEY_MUTOG_POISON_AGILE_BASHER_DESCRIPTION,Text,,Venomous agile basher mutog,,,,,,Проворный ядовитый мутог-убийца,,
KEY_MUTOG_POISON_AGILE_BLADED_DESCRIPTION,Text,,Venomous agile slasher mutog,,,,,,Проворный ядовитый мутог-потрошитель,,
KEY_MUTOG_POISON_REGEN_BASHER_DESCRIPTION,Text,,Venomous regenerating basher mutog,,,,,,Регенерирующий ядовитый мутог-убийца,,
KEY_MUTOG_POISON_REGEN_BLADED_DESCRIPTION,Text,,Venomous regenerating slasher mutog,,,,,,Регенерирующий ядовитый мутог-потрошитель,,