Key,Type,Desc,English,Chinese (Simplified),French,German,Italian,Polish,Russian,Spanish,UI_Tester
KEY_GEO_HINT_CUSTOMIZE_DESC,Text,,"Maybe it's time to introduce all these purple numbers and pibs!

Example: Margareta has 12 Willpower and 5 Delirium. Because she has 36 Stamina, and each 10 points in Stamina reduce effects of Delirium by 1, effect of Delirium on Margareta's Willpower is reduced by 3. Therefore she has 12-(5-3)=10 Willpower available.

1) This is character's actual Willpower. Number in <color=#A020F0>() in purple</color> means Willpower is being reduced by Delirium.
2) This shows the Delirium character has over the total Delirium character can have, depending on progress of Oneiric Delirium. At first, character may not have Delirium in excess of one third of their Willpower. By midgame this is increased to a half, and by late game there is no cap. <b>Pay attention to Oneiric Delirium events to learn when the cap is changed</b>.
3) Stamina is reducing effects of Delirium on Willpower: each <color=#A020F0><b> -</b></color> signifies that effect is reduced by 1. ",,"Peut-être qu'il est temps d'expliquer tous ces chiffres violets et les hyphens !

Exemple : Margareta a 12 Points de Volonté et 5 Points de Delirium. Comme elle a 36 points d'Endurance, et que chaque 10 points d'Endurance, les effets du Délire sont réduit de 1, l'effet du Délire sur la Volonté de Margareta est réduit de 3. Elle a donc 12-(5-3)=10 Volontés disponibles.

1) C'est la volonté réelle du personnage. Le chiffre <color=#A020F0>() en violet</color> signifie que la Volonté est réduite par le Délire.
2) Cela montre que le délire du personnage est supérieur au délire total qu'il peut avoir, en fonction de la progression du délire onirique. Au début, le personnage ne peut pas avoir un délire supérieur à un tiers de sa Volonté. En milieu de partie, cette limite passe à la moitié, et en fin de partie, il n'y a plus de limite. <b>Faites attention aux événements lié au Délire onirique pour savoir quand le plafond est modifié.</b>
3) L'endurance réduit les effets du Délire sur la Volonté : chaque <color=#A020F0><b> -</b></color> signifie que cet effet est réduit de 1.",,,,"Может быть, пришло время представить все эти фиолетовые цифры и пибы!

Пример: У Маргареты 12 силы воли и 5 Делириума. Поскольку у нее 36 Выносливости, а каждые 10 очков Выносливости уменьшают эффект Делириума на 1, эффект Делириума на Силу воли Маргареты уменьшается на 3. Поэтому у нее есть 12-(5-3)=10 доступных Сил воли.

1) Это фактическая сила воли персонажа. Количество в <color=#A020F0>() в фиолетовом</color> означает, что сила воли уменьшается под действием Делириума.
2) Это показывает, что количество Делириума у персонажа превышает общее количество Делириума, которое может быть у персонажа, в зависимости от прогресса Онейрического Делириума. Вначале персонаж может иметь уровень Делириума не более одной трети своей силы воли. К середине игры этот показатель увеличивается до половины, а к концу игры ограничения нет.<b>Следите за событиями, связанными с Делириумом, чтобы узнать, когда будет изменен потолок.</b>.
3) Выносливость снижает влияние Делириума на силу воли: каждый <color=#A020F0><b> -</b></color> означает, что эффект уменьшается на 1. ",,
KEY_GEO_HINT_CUSTOMIZE_TITLE,Text,,DELIRIUM,,DELIRIUM,,,,Делириум,,
KEY_GEO_HINT_PANDORAN_BASE_DIPLOMACY_EFFECTS_DESCRIPTION,Text,,"In TFTV, Factions will <b>not</b> react negatively to revealed Pandoran Colonies if you fail to destroy them. However, you will suffer a small penalty with the leaders of the nearby havens.

Each Pandoran colony contributes to Pandoran evolution: the more active Pandoran colonies there are, the faster the enemy will field more advanced units and the faster the Oneiric Delirium will grow. 

In addition, destroying a more advanced Pandoran colony (a Lair or a Citadel) removes the earliest <b>Void Omen</b> currently in play. (On Rookie difficulty, destroying Nests also removes Void Omens). ",,"Dans TFTV, les factions ne réagiront <b>pas négativement</b> aux colonies pandoriennes révélées si vous ne parvenez pas à les détruire. Cependant, vous subirez une petite pénalité auprès des dirigeants des refuges proches.

Chaque colonie pandorienne contribue à l'évolution des Pandoriens : plus il y a de colonies pandoriennes actives, plus vite l'ennemi déploie des unités plus avancées et plus vite le délire onirique se développe.

En outre, la destruction d'une colonie pandorienne avancée (une tanière ou une citadelle) supprime le plus ancien présage du vide actuellement en jeu. (En difficulté ""Bleu"", la destruction des Nids pandoriens supprime également les présages du vide). 
",,,,"В TFTV фракции <b>не</b> будут негативно реагировать на обнаруженные пандоранские колонии, если Вам не удастся их уничтожить. Однако Вы понесете небольшой штраф с лидерами близлежащих убежищ.

Каждая пандоранская колония вносит свой вклад в эволюцию Пандоры: чем более активны пандоранские колонии, тем быстрее противник выставит более продвинутые подразделения и тем быстрее будет расти Онейрический Делириум.

Кроме того, уничтожение более развитой колонии пандоранов (логова или цитадели) удаляет самое раннее <b>Знамение Бездны</b>, находящееся в игре в данный момент. (На уровне сложности «Новичок» уничтожение гнезд также удаляет «Знамения Бездны»).",,
KEY_GEO_HINT_PANDORAN_BASE_DIPLOMACY_EFFECTS_TITLE,Text,,"PANDORAN COLONIES: DIPLOMACY, EVOLUTION AND VOID OMENS",,"COLONIES PANDORIENNES : DIPLOMATIE, ÉVOLUTION ET PRÉSAGES DU VIDE",,,,"ПАНДОРАНСКИЕ КОЛОНИИ: ДИПЛОМАТИЯ, ЭВОЛЮЦИЯ И ПРЕДЗНАМЕНОВАНИЯ ПУСТОТЫ",,
KEY_GEO_HINT_MORE_AIRCRAFT_DESC,Text,,"In TFTV, all aircraft, except Anu Blimp, seat 4 less passengers than in Vanilla. To increase the space for units by 4, you need to equip your craft with one of the passenger modules. The starting Manticore comes with the FAR passenger module, which also (very slowly) recuperates the Stamina of all those on board. To manufacture additional FAR modules, you need to research the corresponding technology, which is unlocked after you research Phoenix Archives. There are two additional passenger modules that you may unlock in the course of the game.

Passenger modules cost half the resources and take half as much time to manufacture as a Manticore in Vanilla. The cost of all craft in the game has been, in turn, reduced by this amount. Therefore, a Manticore now costs only half the amount of resources and takes twice as fast to be manufactured.

The aircraft have a modular design, and you will want to use some of them for interception (and trading), and others for exploration (because of the risk of ambushes) and transporting operatives to tactical missions.",,"Dans TFTV, tous les avions, à l'exception du dirigeable Anu, peuvent accueillir 4 passagers de moins que dans Vanilla. Pour augmenter l'espace pour les unités de 4, vous devez équiper votre vaisseau avec l'un des modules passagers. La Manticore de départ est équipée du module de passager FAR. les agents récupèrent (très lentement) de l'endurance lorsque ils sont à bord. Pour fabriquer des modules FAR supplémentaires, vous devez rechercher la technologie correspondante, qui est débloquée après avoir fait des recherches sur les Archives du Phoenix Point. Il existe deux modules passagers supplémentaires que vous pouvez débloquer au cours du jeu.

Les modules passagers coûtent deux fois moins de ressources et prennent deux fois moins de temps à fabriquer qu'une Manticore dans Vanilla. Le coût de tous les vaisseaux du jeu a été réduit de ce montant. Par conséquent, une Manticore ne coûte que la moitié des ressources et prend deux fois moins de temps pour être fabriquée.

Les avions sont de conception modulaire, et vous voudrez utiliser certains d'entre eux pour l'interception (et le commerce), et d'autres pour l'exploration (en raison du risque d'embuscades) et le transport de troupe vers les missions tactiques.",,,,"В TFTV все самолеты, кроме дирижабля Ану, вмещают на 4 пассажира меньше, чем в Vanilla. Чтобы увеличить место для юнитов на 4, Вам нужно оснастить свой корабль одним из пассажирских модулей. Стартовая Мантикора поставляется с пассажирским модулем FAR, который также (очень медленно) восстанавливает выносливость всех, кто находится на борту. Чтобы изготовить дополнительные модули FAR, Вам нужно изучить соответствующую технологию, которая открывается после изучения Архивов Феникса. Есть два дополнительных пассажирских модуля, которые Вы можете разблокировать в процессе игры.

Пассажирские модули стоят в два раза меньше ресурсов и требуют в два раза меньше времени на изготовление, чем мантикора в Ванильной игре. Стоимость всех ремесел в игре, в свою очередь, была уменьшена на эту величину. Таким образом, Мантикора теперь стоит в два раза меньше ресурсов, а изготавливается в два раза быстрее.

Самолеты имеют модульную конструкцию, и Вы захотите использовать одни из них для перехвата (и торговли), а другие - для разведки (из-за риска засад) и транспортировки оперативников на тактические задания.",,
KEY_GEO_HINT_MORE_AIRCRAFT_TITLE,Text,,AIRCRAFT AND PASSENGER MODULES,,AÉRONEFS ET MODULES PASSAGERS,,,,АВИАЦИОННЫЕ И ПАССАЖИРСКИЕ МОДУЛИ,,
KEY_DLC3_TUT_SUPPLY_DESCRIPTION,Text,,"A Pandoran flyer has separated itself from the Festering Skies. It may come upon a haven and attack it. If the haven is not yet revealed, it will send an SOS disclosing its postion. 

Should the stray Pandoran flyer return to the swarm, the haven will be targeted by the Behemoth. Once a haven is targeted for attack, nothing can be done to prevent it: once the Behemoth reaches the haven, it will damage all its facilities and harvest about half of its population. 

Destroy Pandoran flyers to protect the havens, to colllect rewards from factions and to force the Behemoth to submerge.",,"Un chasseur pandorien s'est séparé du ciel fétide. Il peut tomber sur un refuge et l'attaquer. Si le refuge n'a pas encore été révélé, il enverra un SOS indiquant sa position.

Si l'aéronef pandorien errant retourne dans l'essaim, le refuge sera pris pour cible par le Béhémoth. Une fois qu'un refuge est visé par une attaque, rien ne peut être fait pour l'empêcher : une fois que le Béhémoth aura atteint le refuge, il endommagera toutes ses installations et récoltera environ la moitié de sa population. 

Détruisez les pandoriens volants pour protéger les refuges, pour collecter les récompenses des factions et pour forcer le Béhémoth à s'immerger.",,,,"Летающий пандоран отделился от Гнойного неба. Он может наткнуться на убежище и атаковать его. Если убежище еще не обнаружено, он пошлет SOS с сообщением о своем местонахождении. 

Если бродячий пандоранский летун вернется в рой, убежище будет атаковано Бегемотом. Как только убежище станет объектом атаки, предотвратить ее будет уже невозможно: как только Бегемот достигнет убежища, он повредит все его сооружения и уничтожит около половины населения. 

Уничтожайте летающих пандоранов, чтобы защитить убежища, получить награды от фракций и заставить Бегемота уйти под воду.",,
KEY_DLC3_TUT_SUPPLY_NAME,Text,,PANDORAN FLYER,,PANDORIEN VOLANT,,,,ПАНДОРАНСКАЯ ЛЕТАЮЩАЯ ЕДИНИЦА,,
KEY_DLC3_TUT_BOMBARDMENT_DESCRIPTION,Text,,"A Pandoran flyer has separated itself from the Festering Skies. It may come upon a haven and attack it. If the haven is not yet revealed, it will send an SOS disclosing its postion. 

Should the stray Pandoran flyer return to the swarm, the haven will be targeted by the Behemoth. Once a haven is targeted for attack, nothing can be done to prevent it: once the Behemoth reaches the haven, it will damage all its facilities and harvest about half of its population. 

Destroy Pandoran flyers to protect the havens, to colllect rewards from factions and to force the Behemoth to submerge.",,"Un chasseur pandorien s'est séparé du ciel fétide. Il peut tomber sur un refuge et l'attaquer. Si le refuge n'a pas encore été révélé, il enverra un SOS indiquant sa position.

Si l'aéronef pandorien errant retourne dans l'essaim, le refuge sera pris pour cible par le Béhémoth. Une fois qu'un refuge est visé par une attaque, rien ne peut être fait pour l'empêcher : une fois que le Béhémoth aura atteint le refuge, il endommagera toutes ses installations et récoltera environ la moitié de sa population.

Détruisez les pandoriens volants pour protéger les refuges, pour collecter les récompenses des factions et pour forcer le Béhémoth à s'immerger.",,,,"Летающий пандоран отделился от Гнойного неба. Он может наткнуться на убежище и атаковать его. Если убежище еще не обнаружено, он пошлет SOS с сообщением о своем местонахождении. 

Если бродячий пандоранский летун вернется в рой, убежище будет атаковано Бегемотом. Как только убежище станет объектом атаки, предотвратить ее будет уже невозможно: как только Бегемот достигнет убежища, он повредит все его сооружения и уничтожит около половины населения. 

Уничтожайте летающих пандоранов, чтобы защитить убежища, получить награды от фракций и заставить Бегемота уйти под воду.",,
KEY_DLC3_TUT_BOMBARDMENT_NAME,Text,,PANDORAN FLYER,,PANDORIEN VOLANT,,,,ПАНДОРАНСКАЯ ЛЕТАЮЩАЯ ЕДИНИЦА,,
KEY_DLC3_TUT_RAID_DESCRIPTION,Text,,"A Pandoran flyer has separated itself from the Festering Skies. It may come upon a haven and attack it. If the haven is not yet revealed, it will send an SOS disclosing its postion. 

Should the stray Pandoran flyer return to the swarm, the haven will be targeted by the Behemoth. Once a haven is targeted for attack, nothing can be done to prevent it: once the Behemoth reaches the haven, it will damage all its facilities and harvest about half of its population. 

Destroy Pandoran flyers to protect the havens, to colllect rewards from factions and to force the Behemoth to submerge.",,"Un chasseur pandorien s'est séparé du ciel fétide. Il peut tomber sur un refuge et l'attaquer. Si le refuge n'a pas encore été révélé, il enverra un SOS indiquant sa position.

Si l'aéronef pandorien errant retourne dans l'essaim, le refuge sera pris pour cible par le Béhémoth. Une fois qu'un refuge est visé par une attaque, rien ne peut être fait pour l'empêcher : une fois que le Béhémoth aura atteint le refuge, il endommagera toutes ses installations et récoltera environ la moitié de sa population.

Détruisez les pandoriens volants pour protéger les refuges, pour collecter les récompenses des factions et pour forcer le Béhémoth à s'immerger.",,,,"Летающий пандоран отделился от Гнойного неба. Он может наткнуться на убежище и атаковать его. Если убежище еще не обнаружено, он пошлет SOS с сообщением о своем местонахождении. 

Если бродячий пандоранский летун вернется в рой, убежище будет атаковано Бегемотом. Как только убежище станет объектом атаки, предотвратить ее будет уже невозможно: как только Бегемот достигнет убежища, он повредит все его сооружения и уничтожит около половины населения. 

Уничтожайте летающих пандоранов, чтобы защитить убежища, получить награды от фракций и заставить Бегемота уйти под воду.",,
KEY_DLC3_TUT_RAID_NAME,Text,,PANDORAN FLYER,,PANDORIEN VOLANT,,,,ПАНДОРАНСКАЯ ЛЕТАЮЩАЯ ЕДИНИЦА,,
KEY_DLC3_TUT_RECON_DESCRIPTION,Text,,"A Pandoran flyer has separated itself from the Festering Skies. It may come upon a haven and attack it. If the haven is not yet revealed, it will send an SOS disclosing its postion. 

Should the stray Pandoran flyer return to the swarm, the haven will be targeted by the Behemoth. Once a haven is targeted for attack, nothing can be done to prevent it: once the Behemoth reaches the haven, it will damage all its facilities and harvest about half of its population. 

Destroy Pandoran flyers to protect the havens, to colllect rewards from factions and to force the Behemoth to submerge.",,"Un chasseur pandorien s'est séparé du ciel fétide. Il peut tomber sur un refuge et l'attaquer. Si le refuge n'a pas encore été révélé, il enverra un SOS indiquant sa position.

Si l'aéronef pandorien errant retourne dans l'essaim, le refuge sera pris pour cible par le Béhémoth. Une fois qu'un refuge est visé par une attaque, rien ne peut être fait pour l'empêcher : une fois que le Béhémoth aura atteint le refuge, il endommagera toutes ses installations et récoltera environ la moitié de sa population.

Détruisez les pandoriens volants pour protéger les refuges, pour collecter les récompenses des factions et pour forcer le Béhémoth à s'immerger.",,,,"Летающий пандоранов отделился от Гнойного неба. Он может наткнуться на убежище и атаковать его. Если убежище еще не обнаружено, он пошлет SOS с сообщением о своем местонахождении. 

Если бродячий пандоранский летун вернется в рой, убежище будет атаковано Бегемотом. Как только убежище станет объектом атаки, предотвратить ее будет уже невозможно: как только Бегемот достигнет убежища, он повредит все его сооружения и уничтожит около половины населения. 

Уничтожайте летающих пандоранов, чтобы защитить убежища, получить награды от фракций и заставить Бегемота уйти под воду.",,
KEY_DLC3_TUT_RECON_NAME,Text,,PANDORAN FLYER,,PANDORIEN VOLANT,,,,ПАНДОРАНСКАЯ ЛЕТАЮЩАЯ ЕДИНИЦА,,
KEY_DLC3_TUT_BEHEMOTH_DISRUPTION_DESCRIPTION,Text,,"The Behemoth harvests all the biomass it encounters on its path, showing particular predilection for human havens. Any haven visited by a Pandoran flyer that successfully returns to the Festering Skies will be targeted for harvesting by the Behemoth. Once the Behemoth has collected enough biomass, it will submerge in the ocean. It will emerge again at a different point, sometimes fielding stronger flyers. 

The Behemoth will submerge sooner if it is able to harvest havens or if its harvesting operations are disrupted. The Behemoth will gain Disruption Points (DP) when:
- a haven is harvested (1 DP)
- a Pandoran flyer is destroyed (1 DP if Charun, 2 DP if Berith, and 4 DP if Abaddon)
- a Node is destroyed (5 DP)

Once the Disruption Threshold is reached, the Behemoth will go back to the ocean.",,"Le Béhémoth récolte toute la biomasse qu'il rencontre sur son chemin, montrant une prédilection particulière pour les refuges humains. Tout refuge visité par un aéronef pandorien qui réussit à retourner dans le ciel fétide sera ciblé pour être récolté par le Béhémoth. Une fois que le Béhémoth aura collecté suffisamment de biomasse, il s'immergera dans l'océan. Il en ressortira à un autre endroit, avec parfois des aéronefs plus puissants.

Le Béhémoth s'immergera plus tôt s'il est capable de récolter des refuges ou si ses opérations de récolte sont perturbées. Le Béhémoth gagne des points de perturbation (PD) lorsque :
- un refuge est récolté (1 PD)
- un pandorien volant est détruit (Charun : 1 PD, Berith : 2 PD, et Abaddon : 4 PD)
- un nœud de corruption est détruit (5 PD)

Une fois le seuil de perturbation atteint, le Béhémoth retourne dans l'océan.",,,,"Бегемот собирает всю биомассу, которая встречается ему на пути, особенно предпочитая человеческие убежища. Любое убежище, посещенное пандоранским летуном, который успешно возвращается в Гнойные небеса, будет выбрано Бегемотом для сбора урожая. Как только Бегемот соберет достаточно биомассы, он погрузится в океан. Он появится снова в другой точке, иногда с более сильными летунами. 

Бегемот погрузится под воду раньше, если ему удастся собрать урожай в убежищах или если его операции по сбору урожая будут нарушены. Бегемот получает очки прерывания (DP), когда:
- когда пожинают убежище (1 DP)
- уничтожен летающий пандоран (1 DP, если Чарун, 2 DP, если Берит, и 4 DP, если Абаддон)
- уничтожается узел (5 DP).

Как только порог разрушения будет достигнут, бегемот вернется в океан.",,
KEY_DLC3_TUT_BEHEMOTH_DISRUPTION_NAME,Text,,BEHEMOTH BEHAVIOR,,COMPORTEMENT DU BEHEMOTH,,,,ПОВЕДЕНИЕ БЕГЕМОТА,,
KEY_DLC3_TUT_BEHEMOTH_DESCRIPTION,Text,,"The Behemoth will inexorably attack any haven that has been visited by a Pandoran flyer that has successfully returned to the Festering Skies. Once the Behemoth reaches the haven, it will harvest about half of its population and severely damage all of its facilities. To prevent Behemoth's attacks on havens, destroy all Pandoran flyers.",,"Le Béhémoth attaquera inexorablement tout refuge qui a été visité par un pandorien volant qui a réussi à retourner dans le ciel fétide. Une fois que le Béhémoth aura atteint le refuge, il récoltera environ la moitié de sa population et endommagera gravement toutes ses installations. Pour empêcher les attaques du Béhémoth sur les refuges, détruisez tous les pandoriens volants.",,,,"Бегемот неумолимо атакует любое убежище, которую посетил летающий пандоран, успешно вернувшийся в Гноящееся небо. Как только Бегемот достигнет убежища, он уничтожит примерно половину его населения и сильно повредит все его сооружения. Чтобы предотвратить нападения Бегемота на убежища, уничтожайте всех летающих пандоранов.",,
KEY_TUTORIAL_DLC2_ANCIENT_SITE_DESCRIPTION,Text,,"Send an aircraft to set up an Exploration operation at the site. Once Exploration starts, the presence of aircraft is no longer needed.",,,,,,"Отправьте самолет, чтобы начать разведку на объекте. После начала разведки присутствие самолетов больше не требуется.",,
KEY_TUTORIAL_DLC2_EXCAVATION_DONE_NAME,Text,,We've completed our first ancient site Exploration!,,,,,,Мы завершили нашу первую разведку древних мест!,,
KEY_TUTORIAL_DLC2_HARVESITNG_DESCRIPTION,Text,,"In TFTV, you immediately gain some amount of an exotic resource when you take control of an ancient site from the Automata. The amount of resources depends on type of resource and difficulty level, or alternatively the manual setting used in the Mod config. ",,,,,,"В TFTV Вы сразу же получаете некоторое количество экзотического ресурса, когда захватываете контроль над древним городищем у Автоматов. Количество ресурсов зависит от типа ресурса и уровня сложности, или же от ручных настроек, используемых в конфиге мода. ",,
KEY_TUTORIAL_DLC2_HARVESITNG_NAME,Text,,ANCIENT SITE,,,,,,ДРЕВНЕЕ МЕСТО,,
KEY_TUTORIAL_DLC2_REFINERY_DESCRIPTIOY,Text,,"In TFTV, you immediately gain some amount of an exotic resource when you take control of an ancient site from the Automata. The amount of resources depends on type of resource and difficulty level, or alternatively the manual setting used in the Mod config. ",,,,,,"В TFTV Вы сразу же получаете некоторое количество экзотического ресурса, когда захватываете контроль над древним городищем у Автоматов. Количество ресурсов зависит от типа ресурса и уровня сложности, или же от ручных настроек, используемых в конфиге мода. ",,
KEY_TUTORIAL_DLC2_REFINERY_NAME,Text,,ANCIENT SITE,,,,,,ДРЕВНЕЕ МЕСТО,,
KEY_TUTORIAL_DLC2_ARCHEOLOGY_NAME,Text,,We've completed our Archaeology Lab!,,,,,,"Мы завершили работу над лабораторией археологии!",,
HINT_HOSTILE_DEFENDERS_TITLE,Text,,Hostile haven defenders,,,,,,"Защитники враждебных убежищ",,
HINT_HOSTILE_DEFENDERS_TEXT,Text,,"<i>""Come to rescue us, have they? They are the ones who brought the damn critters on us in the first place! Fragging nerds…""</i>

While this Void Omen is in effect, haven defenders will be hostile to you and attack your operatives on sight, but <b>killing them is not required to win the mission</b>.

Gain XP by protecting structures or civilians as usual.

You can loot crates with faction weapons, but only the equipment in your operatives or vehicles inventory will be recovered.",,,,,,"<i>""Пришли нас спасать, да? Это они напустили на нас этих чертовых тварей! Зануды...""</i>

Пока действует это Знамение Пустоты, защитники убежища будут враждебно относиться к Вам и атаковать ваших оперативников на месте, но <b>убивать их не обязательно для победы в миссии</b>.

Как обычно, получайте XP, защищая строения или гражданских лиц.

Вы можете разграбить ящики с оружием фракций, но вернуть можно будет только то снаряжение, которое находится в инвентаре ваших оперативников или транспортных средств.",,
HINT_FIRE_QUENCHER_TITLE,Text,,Fire Quencher,,,,,,Гаситель огня,,
HINT_FIRE_QUENCHER_TEXT,Text,,"<i>“There was nothing special about this one… Here comes the bisque, I thought… Boy was I wrong.”</i>

Some Arthrons have evolved the ability to instantly quench the fire they come in contact with, replacing it with Mist. They are apparently doing this by spraying some biochemical compound  from their <b>heads</b>. Disabling their heads should remove both their immunity to fire and their ability to quench it.",,,,,,"<i>“В этом блюде не было ничего особенного... Вот и бисквит, подумал я... Как же я ошибался.”</i>

У некоторых артронов развилась способность мгновенно гасить огонь, с которым они соприкасаются, заменяя его туманом. По всей видимости, они делают это, распыляя из <b>головы</b> некий биохимический состав. Если отключить их головы, то они лишатся как иммунитета к огню, так и способности гасить его.",,
KEY_GEO_HINT_AUGMENTATION_SCREEN_DESCRIPTION,Text,,"You are about to augment your first soldier. A character can only have UP TO 2 BODY PARTS replaced this way.

Once an augmentation is installed, the soldier will not be able to revert back to their natural limbs. However, augmented body parts CAN BE SWAPPED with different cybernetic parts.

Augmented body parts are IMMUNE TO BLEEDING and RESISTANT TO VIRAL DAMAGE, POISON, AND PARALYSIS. Damaged cybernetics CAN BE REPAIRED after battle at the expense of Tech and Materials. 

In addition, each bionic augmentation reduces the maximum Delirium the character can have by 1/3, and removes up to that amount of Delirium from the character. 

Augmenting a character will reduce their Stamina to zero.",,,,,,"Вы собираетесь усилить своего первого солдата. Таким образом можно заменить не более 2 частей тела персонажа.

После установки аугментации солдат не сможет вернуться к своим естественным конечностям. Однако аугментированные части тела можно менять местами с другими кибернетическими частями.

Аугментированные части тела неуязвимы для кровотечения и устойчивы к вирусным поражениям, отравлениям и параличу. Поврежденная кибернетика может быть восстановлена после боя за счет технологий и материалов. 

Кроме того, каждая бионическая аугментация уменьшает максимальное количество Делириума, которое может иметь персонаж, на 1/3, и снимает с персонажа до этого количества Делириума. 

Аугментация персонажа снижает его выносливость до нуля.",,
KEY_GEO_HINT_ACHERON_CAPTURE_DESCRIPTION,Text,need to change,"Despite our best efforts the finding a cure to the new corruption strain ended in failure. Apparently, the virus in all newer specimens has mutated to such a degree that it is useless for our needs. In order to be successful, we need to find one of the original specimens that escaped from the Lab.",,"Malgré tous nos efforts, la recherche d'un remède à la nouvelle souche de corruption s'est soldée par un échec. Apparemment, le virus dans tous les nouveaux spécimens a muté à un tel point qu'il est inutile pour nos besoins. Pour réussir, nous devons trouver l'un des spécimens originaux qui s'est échappé du laboratoire.",,,,"Несмотря на все наши усилия, поиски лекарства от нового штамма коррупции закончились неудачей. Видимо, вирус во всех новых образцах мутировал до такой степени, что стал бесполезен для наших нужд. Чтобы добиться успеха, нам нужно найти один из оригинальных образцов, сбежавших из лаборатории.",,
KEY_GEO_HINT_ACHERON_CAPTURE_NAME,Text,need to change,CORRUPTION CURE RESEARCH FAILURE,,ECHEC DE LA RECHERCHE D’UN REMEDE A LA CORRUPTION,,,, ЛЕКАРСТВО ПРОКЛЯТИЯ ИССЛЕДОВАНИЕ ПРОВАЛ,,
KEY_GEO_HINT_ENEMY_SPECIAL_CORRUPTION_DESCRIPTION,Text,,"In this Third Mist the Pandoravirus has mutated yet again. The new strain is slowly driving the survivors insane. 

WP are reduced by the amount of Delirium a character has. This effect is, in turn, reduced when the character is well rested: each 10 points in Stamina reduces the effect of Delirium by 1. The maximum amount of Delirium a character can acquire depends on the Oneiric Delirium Index. 

Delirium is gained by participating in missions where Mist is present (""Delirium Areas"") or suffering attacks from Pandorans with Delirium or Co-Delirium damage.

Different ways of dealing or living with Delirium will become avaliable with Phoenix and faction research.",,"Dans cette troisième brume, le pandoravirus a encore muté. La nouvelle souche rend les survivants lentement fous.

Les Points de Volonté sont réduits par la quantité de Delirium qui affecte le personnage. Cet effet est à son tour réduit lorsque le personnage est bien reposé : chaque tranche de 10 points d'endurance réduit l'effet du délire de 1. La quantité maximale de délire qu'un personnage peut acquérir dépend de l'Indice de Délire Onirique.

Le délire s'acquiert en participant à des missions où la brume est présente (""zones de Délirium"") ou en subissant des attaques de Pandoriens avec des dégâts de Délirium ou de Co-Délirium.

Différentes façons de gérer ou de vivre avec le délire deviendront disponibles avec la recherche de Phoenix Point et des autres factions.",,,,"В Третьем тумане пандоравирус снова мутировал. Новый штамм медленно сводит выживших с ума. 

Очки воли уменьшаются на количество Делириума у персонажа. Этот эффект, в свою очередь, снижается, если персонаж хорошо отдохнул: каждые 10 очков выносливости снижают эффект делирия на 1. Максимальное количество делирия, которое может получить персонаж, зависит от индекса Онейрического делирия. 

Делирий можно получить, участвуя в миссиях, где присутствует туман (""Зоны делирия""), или подвергаясь атакам пандоранов с уроном  от делирия.

Различные способы борьбы с Делириумом станут доступны после исследования Феникса и фракций.",,
KEY_GEO_HINT_ENEMY_SPECIAL_CORRUPTION_NAME,Text,,ONEIRIC DELIRIUM VIRUS STRAIN,,SOUCHE VIRALE DU DÉLIRE ONIRIQUE,,,,ШТАММ ВИРУСА ОНЕЙРИЧЕСКОГО ДЕЛИРИЯ,,
KEY_GEO_HINT_ENEMY_SPECIAL_CORRUPTION_OVER_DESCRIPTION,Text,NEED TO CHANGE,"After hours of research we have finally found a vaccine that will eliminate the corruption strain for good. As soldiers are being inoculated against the disease, our planes are spreading it over battlefields ensuring that the dead there pose no further threat.
 
Your soldiers can no longer become corrupted. Those that are currently corrupted still need treatment, though.",,"Après des heures de recherche, nous avons enfin trouvé un vaccin qui éliminera définitivement la souche de corruption. Tandis que les soldats sont inoculés contre la maladie, nos avions le répandent sur les champs de bataille en s'assurant que les morts ne constituent plus une menace.

Vos soldats ne peuvent plus être corrompus. Cependant, ceux qui sont actuellement corrompus ont encore besoin d'un traitement.",,,,"После долгих часов исследований мы наконец нашли вакцину, которая навсегда избавит Вас от коррупционного штамма. Пока солдатам делают прививки от этой болезни, наши самолеты распространяют ее над полями сражений, чтобы мертвые больше не представляли угрозы.
 
Ваши солдаты больше не смогут стать развращенными. Однако тем, кто уже испорчен, все еще требуется лечение.",,
KEY_GEO_HINT_ENEMY_SPECIAL_CORRUPTION_OVER_NAME,Text,NEED TO CHANGE,CORRUPTION VACCINE,,VACCIN CONTRE LA CORRUPTION,,,,ВАКЦИНА ОТ ПРОКЛЯТИЯ,,
KEY_GEO_HINT_ENEMY_SPECIAL_CURE_DESCRIPTION,Text,,"Now that you have researched a treatment for the Oneiric Delirium, you can remove this condition from your operatives, though they will acquire it again if they operate in an area covered by mist or are attacked by Pandorans with the Delirium attack. In addition, be aware that the treatment can cause SERIOUS and LONG LASTING side effects: every time you make use of it, there is a 25% chance that the operative will acquire one of the special Delirium perks, which grant a negative and a positive ability. The same operative can acquire any number of these special Delirium perks. They will lose these perks eventually as they complete missions, provided that they do not acquire new Delirium perks.
 
In order to treat a soldier you need to pay 50 MUTAGENS for every 25% of Delirium that has affected the soldier as compared to their Willpower.",,"Maintenant que vous avez recherché un traitement pour le délire onirique, vous pouvez supprimer cette affection de vos agents, bien qu'ils la contractent à nouveau s'ils opèrent dans une zone couverte de brume ou s'ils sont attaqués par des Pandoriens avec l'attaque Délire. De plus, sachez que le traitement peut avoir des effets secondaires GRAVES et PERMANENTS : chaque fois que vous l'utilisez, il y a 25% de chances que l'agent acquière l'un des avantages spéciaux du délire, qui confèrent une capacité négative et une capacité positive. Le même agent peut acquérir n'importe quel nombre de ces effets spéciaux du délire. 

Pour traiter un soldat, vous devez utiliser 50 MUTAGENS pour chaque tranche de 25% de délire qui a affecté le soldat par rapport à sa volonté.",,,,"Теперь, когда Вы разработали лечение Онейрического делирия, Вы можете снять это состояние со своих оперативников, хотя они снова приобретут его, если будут действовать в зоне, покрытой туманом, или подвергнутся нападению пандоранов с атакой Делириумом. Кроме того, имейте в виду, что лечение может вызвать серьезные и долгоиграющие побочные эффекты: каждый раз, когда Вы используете его, есть 25 %-ный шанс, что оперативник получит один из специальных перков Делириума, которые дают отрицательную и положительную способность. Один и тот же оперативник может получить любое количество этих особых перков Делириума. Со временем, по мере выполнения миссий, они будут терять эти перки, но при этом не будут приобретать новые перки Делириума.
 
Чтобы вылечить солдата, нужно заплатить 50 мутагенов за каждые 25% делирия, которые повлияли на солдата по сравнению с его силой воли.",,
KEY_GEO_HINT_ENEMY_SPECIAL_CURE_NAME,Text,,ONEIRIC DELIRIUM EXPERIMENTAL TREATMENT,,TRAITEMENT EXPERIMENTAL DU DELIRE ONIRIQUE,,,,ОНЕЙРИЧЕСКИЙ ДЕЛИРИЙ ЭКСПЕРИМЕНТАЛЬНОЕ ЛЕЧЕНИЕ,,
KEY_GEO_HINT_ENEMY_SPECIAL_MUTOID_DESCRIPTION,Text,,"Mutoids are artificially created by aggresively mutating suitable humans using MUTAGENS. Immune to the Delirium they can learn abilities from all researched Soldier Classes, as well as some Pandoran abilities after an autopsy has been performed.

While a Mutoid can learn many abilities, it can only select one Soldier ability and one Pandoran ability per level. For this additional Mutagens are required.

Mutoids can only be healed at a base using MUTAGENS.",,"Les mutoïdes sont créés artificiellement par la mutation forcée d'humains compatibles à l'aide de MUTAGENS. Immunisés au Délire, ils peuvent apprendre les capacités de toutes les classes de soldats connues, ainsi que certaines capacités pandoriennes après une autopsie.

Bien qu'un Mutoïde puisse apprendre de nombreuses capacités, il ne peut choisir qu'une capacité de Soldat et une capacité de Pandorien par niveau. Pour cela, des mutagènes supplémentaires sont nécessaires.

Les mutoïdes ne peuvent être soignés que dans une base utilisant du MUTAGENS.",,,,"Мутоиды создаются искусственно путем агрессивной мутации подходящих людей с помощью мутагенов. Невосприимчивые к Делириуму, они могут изучать способности всех исследованных солдатских классов, а также некоторые пандоранские способности после вскрытия.

Хотя мутоид может изучить множество способностей, он может выбрать только одну способность солдата и одну способность пандорана за уровень. Для этого требуются дополнительные мутагены.

Мутоиды могут быть исцелены только на базе с помощью мутагенов.",,
KEY_GEO_HINT_ENEMY_SPECIAL_MUTOID_NAME,Text,,MUTOID SOLDIERS,,SOLDAT MUTOIDE,,,,СОЛДАТЫ-МУТАНТЫ,,
KEY_GEOSCAPE_CLEAN_LAIR_MISSION_OBJECTIVE_TITLE,Text,NEED TO CHANGE,Obtain Corruption Sample from Lair,,Obtenir un échantillon de corruption dans une Tanière,,,,Получите образец вируса из Логова,,
KEY_TAC_HINT_STATUS_CORRUPTED_DESCRIPTION,Text,,"Your soldiers have gained one point of Delirium. At the start of the game, Delirium is capped at one third of the character's willpower. This cap will increase as the game progresses.

Delirium reduces Willpower by an equal amount. The lower a soldier's Willpower becomes, the more susceptible they are to panic or mind control, and the less they can use their skills. <b>Each 10 points in Stamina negate the effects of 1 point of Delirium</b>.

Delirium has other effects as well <b>that are not negated by higher Stamina</b>. ",,"Vos soldats ont gagné un point de Délire. Au début du jeu, le délire est plafonné à un tiers de la volonté du personnage. Ce plafond augmente au fur et à mesure que le jeu progresse.

Le délire réduit la Volonté d'un montant égal. Plus la Volonté d'un soldat est faible, plus il est sensible à la panique ou au contrôle mental, et moins il peut utiliser ses compétences. <b>Chaque tranche de 10 points d'Endurance annule les effets de 1 point de Délire</b>.

Le délire a également d'autres effets <b>qui ne sont pas annulés par une meilleure endurance</b>. ",,,,"Ваши солдаты получили одно очко Делириума. В начале игры Delirium ограничен одной третью силы воли персонажа. По мере прохождения игры это значение будет увеличиваться.

Делириум уменьшает силу воли на такую же величину. Чем ниже сила воли солдата, тем больше он подвержен панике или контролю разума, и тем меньше он может использовать свои навыки. <b>Каждые 10 очков выносливости отменяют действие 1 очка делирия.</b>.

У Делириума есть и другие эффекты, <b>которые не отменяются повышенной выносливостью</b>. ",,
KEY_TAC_HINT_STATUS_CORRUPTED_NAME,Text,,SUFFERS ONEIRIC DELIRIUM,,SUBIT UN DÉLIRE ONIRIQUE,,,,СТРАДАЕТ ОНЕЙРИЧЕСКИМ ДЕЛИРИЕМ,,
KEY_GEO_HINT_AUGMENTATION_SCREEN_DESCRIPTION,Text,,"You are about to augment your first soldier. A character can only have UP TO 2 BODY PARTS replaced this way.

Once an augmentation is installed, the soldier will not be able to revert back to their natural limbs. However, augmented body parts CAN BE SWAPPED with different cybernetic parts.

Augmented body parts are IMMUNE TO BLEEDING and RESISTANT TO VIRAL DAMAGE, POISON, AND PARALYSIS. Damaged cybernetics CAN BE REPAIRED after battle at the expense of Tech and Materials. 

In addition, each bionic augmentation reduces the maximum Delirium the character can have by 1/3, and removes up to that amount of Delirium from the character. 

Augmenting a character will reduce their Stamina to zero.",,,,,,"Вы собираетесь усилить своего первого солдата. Таким образом можно заменить не более 2 частей тела персонажа.

После установки аугментации солдат не сможет вернуться к своим естественным конечностям. Однако аугментированные части тела можно менять местами с другими кибернетическими частями.

Аугментированные части тела неуязвимы для кровотечения и устойчивы к вирусным поражениям, отравлениям и параличу. Поврежденная кибернетика может быть восстановлена после боя за счет технологий и материалов. 

Кроме того, каждая бионическая аугментация уменьшает максимальное количество Делириума, которое может иметь персонаж, на 1/3, и снимает с персонажа до этого количества Делириума. 

Аугментация персонажа снижает его выносливость до нуля.",,
KEY_GEO_HINT_AUGMENTATION_SCREEN_NAME,Text,,AUGMENTING A SOLDIER,,,,,,УСИЛЕНИЕ СОЛДАТА,,
KEY_GEO_HINT_CYBERNETICS_LAB_BUILT_DESCRIPTION,Text,,"The construction of your Cybernetics Lab is complete. You will now be able to AUGMENT SOLDIERS, replacing their natural limbs with powerful cybernetics.

Each augmentation reduces the maximum Delirium a character may have by 1/3 and also immediately removes that much Delirium from the character.  

To Augment a soldier, navigate to the PERSONNEL tab, select EDIT UNIT and then select AUGMENT.",,,,,,"Строительство лаборатории кибернетики завершено. Теперь Вы сможете аугментировать солдат, заменяя их естественные конечности мощными кибернетическими устройствами.

Каждая аугментация уменьшает максимальное количество делирия у персонажа на 1/3, а также немедленно снимает с него это количество делирия.  

Чтобы создать аугментацию солдата, перейдите на вкладку Персонал, выберите Редактировать юнит и затем выберите Аугментация.",,
KEY_GEO_HINT_CYBERNETICS_LAB_BUILT_NAME,Text,,AUGMENTATION NOW AVAILABLE,,,,,,АУГМЕНТАЦИЯ ТЕПЕРЬ ДОСТУПНА,,
KEY_GEO_HINT_MUTATION_LAB_BUILT_DESCRIPTION,Text,,"The construction of your Mutation Lab is complete. You will now be able to MUTATE SOLDIERS, replacing their natural limbs with ones enhanced by Pandoravirus mutation.

To Mutate a soldier, navigate to the PERSONNEL tab, select EDIT UNIT and then select MUTATE.

In addition, if you have completed the Mutagen harvesting technology, your mutation lab will automatically extract mutagens from any Pandorans held in your Containment facilities. ",,,,,,"Строительство лаборатории мутаций завершено. Теперь Вы сможете мутировать солдат, заменяя их естественные конечности на конечности, улучшенные мутацией пандоравируса.

Чтобы мутировать солдата, перейдите на вкладку Персонал, выберите Редактировать юнит и затем выберите Мутация.

Кроме того, если Вы завершили технологию сбора мутагенов, ваша лаборатория мутаций будет автоматически извлекать мутагены из всех пандоранов, содержащихся в ваших помещениях для сдерживания. ",,
KEY_GEO_HINT_MUTATION_LAB_BUILT_NAME,Text,,MUTATION NOW AVAILABLE,,,,,,МУТАЦИЯ ТЕПЕРЬ ДОСТУПНА,,
KEY_GEO_HINT_MUTATION_SCREEN_DESCRIPTION,Text,,"You are about to mutate your first soldier. A character can only have UP TO 2 BODY PARTS altered this way.

Each mutated body part increases damage dealt by character by 2% per each Delirium point that the character has.

Once a mutation is applied, the operative won't be able to revert back to their natural limbs. However, mutated body parts CAN BE SWAPPED with different mutation variants.

The :PRIEST: PRIEST soldier class has access to UNIQUE HEAD MUTATIONS greatly enhancing their powers.",,,,,,"Вы собираетесь мутировать своего первого солдата. У персонажа может быть изменено не более 2 частей тела.

Каждая мутировавшая часть тела увеличивает наносимый персонажем урон на 2% за каждое очко делирия, которое есть у персонажа.

После того как мутация будет применена, оперативник не сможет вернуться к своим естественным конечностям. Однако мутировавшие части тела можно менять местами с различными вариантами мутаций.

Класс солдат ЖРЕЦ имеет доступ к уникальным мутациям головы, значительно усиливающим их способности.",,
KEY_GEO_HINT_MUTATION_SCREEN_NAME,Text,,MUTATING A SOLDIER,,,,,,МУТАЦИЯ СОЛДАТА,,
KEY_TUTORIAL_RESOURCES_DESCRIPTION,Text,,"On completing a mission, all gathered items and resources are added to your overall SUPPLIES. These can be accessed instantly anywhere on the GEOSCAPE, regardless of location.

Soldiers get fatigued during battle, LOSING 1 STAMINA POINT PER TURN (max 10 per battle).They also lose ALL STAMINA if one of their bodyparts is disabled during the mission.

If an operative starts a mission with 10 STAMINA OR LESS, they will only have 3 Action Points, instead of 4. If the operative has 0 STAMINA, they will only have 2 Action Points.

Your soldiers will slowly recover STAMINA in the aircraft if it has a FAR-M passenger module, and much faster at base, as long as it has a functioning Living Quarters. They can also recover HITPOINTS at the base if it has a functioning Medical Facility.

RETURN TO YOUR BASE SO YOUR SOLDIERS CAN RECOVER",,,,,,"После завершения миссии все собранные предметы и ресурсы добавляются к вашим общим ПРИПАСАМ. К ним можно мгновенно получить доступ в любой точке СТРАТЕГИЧЕСКОЙ КАРТЫ, независимо от местоположения.

Солдаты утомляются во время боя, ТЕРЯЯ 1 ПУНКТ ВЫНОСЛИВОСТИ ЗА ХОД (максимум 10 за бой). Они также теряют ВСЮ ВЫНОСЛИВОСТЬ, если одна из частей их тела отключена во время миссии.

Если оперативник начинает миссию с ВЫНОСЛИВОСТЬЮ 10 ИЛИ МЕНЬШЕ, у него будет только 3 очка действия вместо 4. Если у оперативника 0 ВЫНОСЛИВОСТИ, у него будет только 2 очка действия.

Ваши солдаты будут медленно восстанавливать ВЫНОСЛИВОСТЬ в самолете, если у него есть пассажирский модуль FAR-М, и гораздо быстрее на базе, если у него есть функционирующие жилые помещения. Они также могут восстанавливать очки здоровья на базе, если там есть действующее медицинское учреждение.

ВОЗВРАЩАЙТЕСЬ НА СВОЮ БАЗУ, ЧТОБЫ Ваши СОЛДАТЫ МОГЛИ ВОССТАНОВИТЬСЯ",,
KEY_DLC3_TUT_INFESTATION_DESCRIPTION,Text,,"Scum, villany, unbeatable prices!

The Marketplace offers:

-Cheap soldiers of fortune with mediocre equipment that <b>cannot receive mutations or bionics </b>. 
-Hand-crafted weapons, known as Kaos Guns, with good performance but small magazines and expensive ammo that can only be bought in the Bazaar.
-Junker, the post-Collapse ground vehicle of choice, and modules for it and other vehicles.
-Access to faction technologies.

The stock rotates approximately every 3 days and more options will become gradually available.   
You can access and make purchases in the Bazaar remotely, without a vehicle at the site.
",,,,,,"Грязь, подлость, неразумные цены!

Торговая площадка предлагает:

-Дешевые солдаты удачи с посредственным оборудованием, <b>неспособным получать мутации или бионику</b>.
- Оружие ручной работы, известное как Kaos Guns, с хорошими характеристиками, но с маленькими магазинами и дорогими боеприпасами, которые можно купить только на базаре.
-Мусорщик, любимая наземная машина после Коллапса, а также модули для него и других транспортных средств.
-Доступ к технологиям фракции.

Акции меняются примерно каждые 3 дня, и постепенно будут доступны новые варианты.
Заходить и совершать покупки на Базаре можно удаленно, без присутствия автомобиля на месте.",,
KEY_DLC3_TUT_INFESTATION_NAME,Text,,BAZAAR - MARKETPLACE,,,,,,БАЗАР,,
KEY_HINT_BEHEMOTH_MISSION_TITLE,Text,,Attack the Behemoth,,,,,,Атакуйте Бегемота,,
KEY_HINT_BEHEMOTH_MISSION_DESCRIPTION,Text,,"You can now land a squad on the Behemoth to destroy it once and for all! Load a team on the Masked Manticore and click on this icon when the Behemoth emerges to trigger the mission.
",,,,,,"Теперь Вы можете высадить отряд на Бегемота, чтобы уничтожить его раз и навсегда! Загрузите команду на Стелс-Мантикору и нажмите на этот значок, когда Бегемот появится, чтобы запустить миссию.",,
KEY_HINT_BEHEMOTH_DEPLOY_TITLE,Text,,Deploying on the Behemoth,,,,,,Высадка на Бегемота,,
KEY_HINT_BEHEMOTH_DEPLOY_DESCRIPTION,Text,,"Your squad will have to separate into 2 teams to complete the objective. Because of the high winds it will be very difficult, if not impossible for the 2 teams to rendezvous, so you should assume that each will have to act fully independently. Assign your operatives to A and B teams accordingly.",,,,,,"Чтобы выполнить задачу, вашему отряду придется разделиться на 2 команды. Из-за сильного ветра двум командам будет очень сложно, если вообще возможно, встретиться, поэтому следует исходить из того, что каждой придется действовать полностью независимо. Распределите своих оперативников в группы А и Б соответственно.",,
KEY_HINT_BASE_MISSION_TITLE,Text,,Base defense deployment,,,,,,Высадка на атакованную базу,,
KEY_HINT_BASE_MISSION_DESCRIPTION,Text,,"You have some options when deploying for the base defense, depending on the stage of the attack and whether you have an operational Access Lift.

During the initial state (more than 12 hours left on the timer) you can deploy at the Hangar or at a choke point in the Entrance to the base.

If the Pandorans have already penetrated the first line of defense (less than 12 hours left on the timer), you will have to deploy at the Entrance to the base.  

If the base has an operational Access Lift you can also deploy your operatives there.",,,,,,"У Вас есть несколько вариантов развертывания защиты базы, в зависимости от стадии атаки и наличия у Вас оперативного лифта доступа.

В исходном состоянии (на таймере осталось более 12 часов) Вы можете развернуться в Ангаре или на проходной у Входа на базу.

Если пандораны уже прорвали первую линию обороны (на таймере осталось меньше 12 часов), Вам придется развернуться у Входа на базу.

Если на базе есть действующий лифт доступа, Вы также можете разместить там своих оперативников.",,