Key,Type,Desc,English,Chinese (Simplified),French,German,Italian,Polish,Russian,,UI_Tester
UI_HITPOINTS,Text,,ADDITIONAL HITPOINTS,,,,,,ДОПОЛНИТЕЛЬНЫЕ ОЧКИ ЗДОРОВЬЯ,,
UI_TRAMPLE_NAME,Text,,TRAMPLE,,,,,,ОТВАЛ,,
UI_TRAMPLE_DESC,Text,,"This unit can run over Worms, Mindfraggers, and Myrmidons",,,,,,"Может давить пандоранов малого размера, таких как черви, промыватели и мирмидоны",,
UI_LAUNCHMISSILES_DESC,Text,,Launch a missile at a target location,,,,,,Запустить ракету в целевую точку,,
UI_SCARAB_CATEGORY,Text,,ScarabShootCategory,,,,,,Категория ScarabShoot,,
UI_SALVO_DESC,Text,,Launch three missiles at a target location,,,,,,Запустите три ракеты в указанную точку,,
UI_DOUBLESHOOT_DESC,Text,,Shoot twice at target enemy or target point.,,,,,,Выстрелите дважды по врагу или целевой точке.,,
UI_TRIPLESHOOT_DESC,Text,,Shoot three times at target enemy or target point.,,,,,,Выстрелите три раза во врага или целевую точку.,,
UI_RELOAD_DESC,Text,,Reload the currently equipped weapon,,,,,,Перезарядить текущее оружие,,
UI_JUNKER_NAME,Text,,JUNKER,,,,,,МУСОРЩИК,,
UI_JUNKER_HULL,Text,,Junker Hull Upgrade,,,,,,Улучшение корпуса Мусорщика,,
UI_JUNKER_ENGINE,Text,,Junker Engine Upgrade,,,,,,Улучшение двигателя Мусорщика,,
UI_JUNKER_GOOGUN,Text,,Junker Goo Turret,,,,,,Слизевая турель Мусорщика,,
UI_JUNKER_SCREAMER,Text,,Junker Sonic Turret,,,,,,Звуковая турель Мусорщика,,
UI_JUNKER_TITAN,Text,,Junker Grenade Launcher Turret,,,,,,Турель с гранатометом Мусорщика,,
UI_JUNKER_MINIGUN,Text,,Junker Minigun,,,,,,Пулемет Мусорщика,,
UI_JUNKER_WHEEL,Text,,Junker Wheel,,,,,,Колесо Мусорщика,,
AN_MUTOG_BASHER_NAME,Text,,BASHER TAIL,,,,,,РАЗРЫВАЮЩИЙ УДАР,,
AN_MUTOG_BASHER_DESC,Text,,Performs an attack that can shred armor and daze an enemy,,,,,,"Выполняет атаку, которая может разорвать броню и ошеломить врага.",,
KB_DEATHPROOF_NAME,Text,,Deathproof,,,,,,Доказательство смерти,,
KB_KNR_NAME,Text,,KILL'N'RUN,,,,,,УБЕЙ И БЕГИ,,
KB_KNR_DESC,Text,,"Once per turn, take a free 12-tile move after killing an enemy",,,,,,"Один раз за ход, после убийства врага, сделайте бесплатное перемещение на 12 клеток",,
KB_SLAUGHTERHOUSE_NAME,Text,,Slaughterhouse,,,,,,Скотобойня,,
KB_GUNNERMODULE_NAME,Text,,Gunner's Cockpit,,,,,,Кабина для стрелка,,
KB_MANNEDGUNNER_NAME,Text,,GUNNER OVERRIDE,,,,,,СТРЕЛОК,,
KB_MANNEDGUNNER_DESC,Text,,Action Point costs for firing Weapons are reduced by 1 while a passenger is inside,,,,,,"Стоимость действия для выстрела из оружия уменьшается на 1, пока внутри находится пассажир",,
KB_EXITGUNNER_NAME,Text,,OBSTRUCTED EXIT,,,,,,ЗАТРУДНЕННЫЙ ВЫХОД,,
KB_EXITGUNNER_DESC,Text,,Exiting the vehicle costs 3 Action Points,,,,,,Выход из транспортного средства стоит 3 очка действия,,
KB_KAMIKAZE_NAME,Text,,KAMIKAZE,,,,,,КАМИКАДЗЕ,,
KB_KAMIKAZE_DESC,Text,,"The vehicle explodes upon death, causing significant damage to nearby targets",,,,,,"Транспортное средство взрывается при смерти, нанося значительный урон близлежащим целям",,
SY_KINETIC_NAME,Text,,KINETIC SHIELD,,,,,,КИНЕТИЧЕСКИЙ ЩИТ,,
SY_KINETIC_DESC,Text,,Attacks from enemies further than 10 tiles deal 25% less damage,,,,,,"Атаки от врагов, находящихся на расстоянии более 10 плиток, наносят на 25% меньше урона.",,
SY_STASIS_NAME,Text,,STASIS CHAMBER,,,,,,СТАЗИС-КАМЕРА,,
SY_STASIS_DESC,Text,,Passengers Restore 80 Hit Points and 5 Will Points at the start of each turn,,,,,,Пассажиры восстанавливают 80 очков здоровья и 5 очков воли в начале каждого хода,,
SY_NAVMODULE_NAME,Text,,Navigation Beacon,,,,,,Навигационный маяк,,
SY_DETECTION_NAME,Text,,ENHANCED MOTION DETECTION,,,,,,УЛУЧШЕННОЕ ОБНАРУЖЕНИЕ ДВИЖЕНИЯ,,
SY_DETECTION_DESC,Text,,"Locate all enemies within 20 tiles, even behind obstructions",,,,,,"Обнаружте всех врагов в пределах 20 плиток, даже за преградами",,
SY_MISTREPELLER_NAME,Text,,ENHANCED MIST REPELLER,,,,,,УЛУЧШЕННЫЙ РАССЕИВАТЕЛЬ ТУМАНА,,
SY_MISTREPELLER_DESC,Text,,Remove all Mist in a 3 tile radius while moving. Allies within this radius are immune to the effects of Mist,,,,,,Удаляйте весь туман в радиусе 3 клеток во время движения. Союзники в этом радиусе иммунны к эффектам тумана,,
SY_MISTIMMUNITY_NAME,Text,,IMMUNE TO MIST,,,,,,НЕЧУВСТВИТЕЛЬНЫЙ К ТУМАНУ,,
SY_MISTIMMUNITY_DESC,Text,,Actor is immune to the effects of Mist,,,,,,Боец не подвержен воздействию Тумана,,
SY_JAMMER_DESC,Text,,"All enemy units within 12 tiles become DISORIENTED, preventing the use of Will Point abilities",,,,,,"Все вражеские юниты в пределах 12 клеток становятся ДЕЗОРИЕНТИРОВАННЫМИ, что препятствует использованию способностей Волевых Очков",,
SY_HYBRID_NAME,Text,,Hermes X1,,,,,,Гермес X1,,
SY_STIM_NAME,Text,,STIM CLOUD,,,,,,ОБЛАКО СТИМУЛЯТОРОВ,,
SY_STIM_DESC,Text,,All allies within 5 tiles recover 2 Action Points,,,,,,Все союзники в пределах 5 плиток восстанавливают 2 очка действия.,,
SY_THRUSTERS_NAME,Text,,Cleric X2,,,,,,Клирик X2,,
SY_CURE_NAME,Text,,CURE CLOUD,,,,,,ЛЕЧЕБНОЕ ОБЛАКО,,
SY_CURE_DESC,Text,,"Removes all Paralysis, Bleeding, Poison, Strained, Infected, Dazed and Slowed status effects from all allied units within 10 tiles",,,,,,"Удаляет все эффекты паралича, кровотечения, отравления, перенапряжения, инфекции, ошеломления и замедления со всех союзных юнитов в пределах 10 клеток",,
SY_ARMOUR_NAME,Text,,RESTORE ARMOR,,,,,,ВОССТАНОВИТЬ БРОНЮ,,
SY_ARMOUR_DESC,Text,,Restore 10 armor to all allied units within 10 tiles,,,,,,Восстановить 10 брони всем союзным юнитам в пределах 10 плиток.,,
PX_LAZARUS_NAME,Text,,Lazarus Shield,,,,,,ЩИТ Лазарь,,
PX_VANISH_NAME,Text,,VANISH,,,,,,Исчезнуть,,
PX_VANISH_DESC,Text,,Disappear from view for the next turn (or until spotted),,,,,,Исчезнуть из виду до следующего хода (или пока не заметят),,
PX_HIDDEN_NAME,Text,,HIDDEN,,,,,,СКРЫТ,,
PX_HIDDEN_DESC,Text,,Vehicle is hidden,,,,,,Транспортное средство скрыто,,
PX_DEPLOY_NAME,Text,,Deployment Bay,,,,,,Отсек развертывания,,
PX_EJECT_NAME,Text,,EJECT,,,,,,ВЫГРУЗКА,,
PX_EJECT_DESC,Text,,"Until the end of the turn, exiting the vehicle does not cost any Action Points",,,,,,До конца хода выход из транспортного средства не требует затраты очков действия,,
PX_STABILITY_NAME,Text,,Reinforced Stabilisers,,,,,,Усиленные стабилизаторы,,
PX_AMMUNITION_NAME,Text,,Ammunition Racks,,,,,,Стеллажи для боеприпасов,,
NJ_REINFORCED_NAME,Text,,REINFORCED ARMOR PLATING,,,,,,УСИЛЕННАЯ БРОНЕПЛИТА,,
NJ_REINFORCED_DESC,Text,,Hull Armors gain 50 Hit Points,,,,,,Броня корпуса получает 50 очков прочности,,
NJ_LIGHTWEIGHT_NAME,Text,,FAST ENTRY,,,,,,БЫСТРАЯ ПОГРУЗКА,,
NJ_LIGHTWEIGHT_DESC,Text,,Entering the vehicle does not cost any Action Points,,,,,,Вход в транспортное средство не требует затраты очков действия,,
NJ_GASTANKS_NAME,Text,,Gas Tanks,,,,,,Бензобаки,,
NJ_TRACTION_NAME,Text,,REINFORCED SUSPENSION,,,,,,УСИЛЕННАЯ ПОДВЕСКА,,
NJ_TRACTION_DESC,Text,,Grants +10 Armor and +100 Hit Points to all wheels,,,,,,Предоставляет +10 брони и +100 очков здоровья всем колесам,,
NJ_BLASTVULN_NAME,Text,,VULNERABLE TO BLASTS,,,,,,УЯЗВИМ ДЛЯ ВЗРЫВОВ,,
NJ_BLASTVULN_DESC,Text,,Double effect of Blast Damage,,,,,,Получение двойного урона от взрывов,,
NJ_OBLITERATOR_NAME,Text,,OBLITERATOR,,,,,,ОБЛИТЕРАТОР,,
NJ_OBLITERATOR_DESC,Text,,Grants a secondary firemode specialised in single-target takedown,,,,,,"Предоставляет вторичный режим стрельбы, специализированный на устранении одиночных целей",,
NJ_INCENDIARY_NAME,Text,,LOAD INCENDIARY GRENADES,,,,,,ЗАГРУЗИТЬ ЗАЖИГАТЕЛЬНЫЕ ГРАНАТЫ,,
NJ_INCENDIARY_DESC,Text,,Load Incendiary Grenades that deal 40 additional Fire Damage,,,,,,"Загрузите зажигательные гранаты, которые наносят дополнительный урон огнем в 40 единиц.",,
NJ_CONCUSSION_NAME,Text,,LOAD CONCUSSION GRENADES,,,,,,ЗАГРУЗИТЬ СВЕТОШУМОВЫЕ ГРАНАТЫ,,
NJ_CONCUSSION_DESC,Text,,Load Concussion Grenades that deal 30 additional Sonic Damage,,,,,,"Загрузите контузионные гранаты, наносящие дополнительно 30 урона звуком",,